<OPEN>,<HIGH>,<LOW>,<CLOSE>,<TICKVOL>
1.06869,1.06916,1.06692,1.06715,5339
1.06715,1.06798,1.06651,1.06661,6838
1.0666,1.06787,1.06434,1.06722,11945
1.06722,1.06786,1.06594,1.06733,6490
1.06734,1.06782,1.06644,1.06653,4041
1.06654,1.06654,1.06501,1.0652,2383
1.0652,1.06591,1.06465,1.06573,2542
1.06572,1.06659,1.06563,1.06649,2520
1.06649,1.06713,1.06645,1.06694,782
1.06661,1.06691,1.0664,1.06675,961
1.06675,1.06723,1.06655,1.06684,854
1.06687,1.06728,1.06582,1.06604,1708
1.06604,1.0662,1.06466,1.06514,3197
1.06514,1.06568,1.06487,1.06557,2230
1.06557,1.06559,1.06446,1.06456,1730
1.06459,1.06508,1.06454,1.06481,1146
1.06481,1.06489,1.06373,1.06414,1774
1.06413,1.06437,1.06354,1.06394,2240
1.06397,1.06448,1.06324,1.06364,3995
1.06366,1.06391,1.06262,1.06386,6447
1.06386,1.0643,1.06192,1.06239,5448
1.0624,1.06313,1.0613,1.0614,5693
1.0614,1.06307,1.06138,1.06251,4589
1.06253,1.06312,1.06047,1.0606,5144
1.0606,1.061,1.05819,1.05861,8606
1.05859,1.06075,1.05857,1.05993,9220
1.05996,1.06147,1.05937,1.06087,8670
1.06088,1.0613,1.05924,1.0594,5567
1.05943,1.05952,1.05766,1.05798,3955
1.05799,1.05942,1.05765,1.0593,4128
1.0593,1.05995,1.05889,1.05904,4243
1.05903,1.06065,1.05861,1.06005,3795
1.06005,1.06005,1.05959,1.05972,1170
1.05956,1.05977,1.05936,1.05971,404
1.05971,1.06006,1.05942,1.05981,1190
1.05981,1.06117,1.05968,1.06107,1476
1.06107,1.06144,1.06052,1.06084,2683
1.06085,1.06149,1.06019,1.06026,2311
1.06025,1.06075,1.06021,1.06062,1410
1.06062,1.06098,1.06052,1.06086,829
1.06088,1.06134,1.06083,1.06091,1145
1.06092,1.06231,1.06091,1.06213,2100
1.06213,1.0623,1.06094,1.061,3782
1.06101,1.06292,1.06101,1.06213,5221
1.06212,1.06212,1.06074,1.06099,5254
1.061,1.06233,1.06005,1.06167,4382
1.06167,1.06182,1.061,1.06147,3510
1.06147,1.06186,1.06032,1.06127,3523
1.06127,1.06297,1.06107,1.06225,5412
1.06225,1.06296,1.06115,1.06136,6902
1.06135,1.06179,1.05884,1.05977,11273
1.05977,1.06173,1.05926,1.0616,5744
1.06157,1.06254,1.06119,1.06249,4352
1.06249,1.06274,1.06201,1.06246,2647
1.06244,1.06357,1.06234,1.06348,3071
1.06347,1.06387,1.06304,1.06353,3573
1.0635,1.06351,1.06301,1.06328,1111
1.06247,1.06264,1.06217,1.06252,1161
1.06255,1.06281,1.06228,1.06255,1307
1.06258,1.06367,1.06254,1.06267,1489
1.06273,1.06381,1.0624,1.06364,1969
1.06364,1.06501,1.06281,1.06452,2105
1.06455,1.06492,1.06436,1.06458,1710
1.06458,1.06467,1.06412,1.06427,1079
1.06428,1.0649,1.06411,1.06485,1186
1.06486,1.06523,1.06373,1.06435,1928
1.06435,1.06569,1.06427,1.06485,3929
1.06479,1.06574,1.06417,1.06417,5165
1.06418,1.06468,1.06281,1.06292,4316
1.06293,1.0638,1.06253,1.06283,3295
1.06283,1.06479,1.06222,1.06394,4752
1.06394,1.06432,1.06324,1.06414,3558
1.06413,1.06583,1.06403,1.06547,4924
1.06547,1.06737,1.06503,1.06688,7022
1.06688,1.06897,1.06616,1.06788,7738
1.06788,1.06942,1.06756,1.06937,4926
1.06937,1.06945,1.068,1.06852,3238
1.06851,1.0686,1.06718,1.06738,2768
1.06737,1.06774,1.06684,1.06758,2738
1.06756,1.06784,1.06721,1.06773,3012
1.06772,1.06838,1.0676,1.0683,997
1.068,1.06814,1.06744,1.06807,1626
1.06804,1.06868,1.06773,1.06852,987
1.06852,1.06861,1.06775,1.06791,1125
1.06791,1.06888,1.06762,1.06865,1672
1.06864,1.06926,1.06843,1.06878,1682
1.06879,1.06919,1.06845,1.0691,2016
1.0691,1.06932,1.06883,1.06904,967
1.06904,1.06906,1.06814,1.06854,1086
1.06853,1.06869,1.06762,1.06764,1802
1.06763,1.06945,1.06747,1.06857,4324
1.06855,1.06865,1.067,1.06738,5808
1.06734,1.06734,1.06557,1.06569,5322
1.06569,1.06666,1.06543,1.06607,3521
1.06607,1.0669,1.06556,1.06567,3755
1.06567,1.06715,1.06502,1.06697,3743
1.06697,1.0672,1.06528,1.06564,5164
1.06562,1.06612,1.06403,1.06479,6932
1.06479,1.06479,1.0574,1.05856,18097
1.05854,1.0596,1.05702,1.05726,10326
1.05727,1.05882,1.0566,1.05673,8274
1.05674,1.05739,1.05522,1.05559,5205
1.05557,1.05601,1.0546,1.05517,3631
1.05517,1.05574,1.05498,1.05508,3595
1.05508,1.05525,1.05471,1.05495,850
1.05469,1.0553,1.05459,1.05506,353
1.05507,1.05511,1.0548,1.05481,1037
1.05484,1.05504,1.05421,1.05501,1618
1.05501,1.05505,1.05435,1.05447,1847
1.05448,1.0547,1.0532,1.05324,1544
1.05325,1.05373,1.05277,1.05294,1538
1.05294,1.05365,1.05294,1.0535,1417
1.0535,1.05355,1.05244,1.05311,1459
1.05311,1.05402,1.05305,1.054,1594
1.05396,1.05471,1.05335,1.05436,3756
1.05436,1.05482,1.05351,1.05368,4442
1.05368,1.05487,1.05348,1.05356,4169
1.05356,1.05463,1.05341,1.05394,3255
1.05394,1.05448,1.05343,1.05379,2712
1.05379,1.05493,1.05369,1.05468,2439
1.05468,1.05491,1.05369,1.05412,6270
1.05412,1.05618,1.05412,1.05564,6701
1.05564,1.0574,1.05292,1.05527,13368
1.05528,1.05679,1.05457,1.05479,5746
1.05479,1.05521,1.05423,1.05452,3620
1.05452,1.05501,1.05396,1.05427,3995
1.05427,1.05507,1.05414,1.0546,2978
1.0546,1.05502,1.05413,1.05477,2378
1.05476,1.05477,1.05423,1.05442,773
1.05445,1.05455,1.0537,1.05425,963
1.05425,1.05496,1.05413,1.05487,487
1.05487,1.05534,1.05444,1.05468,1374
1.05469,1.05487,1.0538,1.05405,1448
1.05406,1.05485,1.05394,1.05454,1052
1.05454,1.05509,1.05434,1.05492,817
1.05493,1.05534,1.05459,1.05519,558
1.05519,1.05555,1.055,1.05524,931
1.05524,1.05549,1.05484,1.05513,1079
1.05509,1.05596,1.05495,1.05563,1865
1.05564,1.05633,1.05482,1.05575,2506
1.05575,1.05698,1.05505,1.05585,2616
1.05586,1.05687,1.05534,1.05664,3007
1.05662,1.05814,1.05661,1.05711,3529
1.05711,1.05719,1.05538,1.05594,2700
1.05594,1.05777,1.05526,1.05743,6881
1.05742,1.05865,1.05665,1.05753,6796
1.05752,1.05857,1.05669,1.05686,6049
1.05687,1.05839,1.05637,1.05758,4402
1.05757,1.05795,1.05696,1.05772,3131
1.05772,1.05903,1.0573,1.05897,4205
1.05897,1.05913,1.05756,1.05758,3453
1.05758,1.05829,1.05725,1.05793,4581
1.05792,1.05821,1.05751,1.05814,1405
1.0581,1.05844,1.05787,1.05808,583
1.05809,1.05851,1.05781,1.05851,1041
1.05852,1.05993,1.05852,1.05986,2381
1.05987,1.05992,1.05893,1.05946,2219
1.05946,1.05958,1.0579,1.05896,5228
1.05894,1.05981,1.05856,1.05967,2240
1.05967,1.05985,1.05932,1.05945,1853
1.05945,1.05952,1.05858,1.05867,1780
1.05866,1.05911,1.05813,1.05837,2242
1.0584,1.06068,1.05838,1.05948,5132
1.05948,1.05989,1.0574,1.05917,5994
1.05916,1.05988,1.05799,1.05813,4657
1.05814,1.06039,1.05778,1.05878,4164
1.05878,1.06022,1.05867,1.05896,3545
1.05896,1.05986,1.05807,1.05944,4756
1.05943,1.06442,1.05819,1.06217,14421
1.06218,1.06744,1.06121,1.06665,17777
1.06669,1.07008,1.06669,1.06874,14095
1.06874,1.06875,1.06553,1.06589,10982
1.0659,1.06739,1.06556,1.06685,6781
1.06685,1.06728,1.06397,1.06432,5513
1.06432,1.06518,1.06361,1.06434,6902
1.06436,1.06481,1.06368,1.06372,6038
1.06371,1.06416,1.06365,1.06381,1203
1.06993,1.07019,1.06769,1.06921,2649
1.06917,1.07022,1.06774,1.06808,7908
1.06808,1.06981,1.06757,1.06814,7914
1.06814,1.06872,1.06639,1.06686,5790
1.06684,1.07315,1.0668,1.07303,8377
1.07304,1.07369,1.07163,1.0717,5789
1.07171,1.07257,1.07164,1.07178,3514
1.07179,1.07266,1.07172,1.07204,3347
1.07203,1.07297,1.07131,1.07214,4336
1.07216,1.07372,1.07159,1.07254,7346
1.07253,1.0729,1.07041,1.07076,8471
1.07076,1.07076,1.06626,1.06704,14970
1.06705,1.0681,1.06603,1.06742,10705
1.06742,1.06768,1.06576,1.06641,10773
1.06642,1.06981,1.06504,1.06964,18248
1.06962,1.07212,1.06854,1.06994,13000
1.06991,1.0728,1.06968,1.07227,13218
1.07226,1.07336,1.07117,1.07333,11939
1.07333,1.07426,1.07227,1.07397,10092
1.07397,1.07486,1.07332,1.07384,6091
1.07387,1.07428,1.07294,1.0734,6436
1.0734,1.07348,1.0721,1.07298,7689
1.07298,1.07332,1.0726,1.07308,1866
1.07274,1.07339,1.07271,1.07286,482
1.07274,1.07304,1.0725,1.07268,3057
1.07268,1.07293,1.07225,1.07228,1710
1.07228,1.07242,1.07112,1.07191,4251
1.07191,1.07213,1.07052,1.07085,4748
1.07085,1.07129,1.06989,1.07008,3561
1.07009,1.07072,1.06995,1.07027,2851
1.07028,1.07069,1.06982,1.07026,1967
1.07026,1.07082,1.06971,1.07076,2111
1.07076,1.07157,1.06934,1.06974,6601
1.06974,1.07022,1.0679,1.06899,7959
1.06899,1.07075,1.06832,1.07065,8654
1.07065,1.07135,1.06914,1.07114,6958
1.07112,1.0721,1.07005,1.07203,5276
1.07199,1.07283,1.07124,1.07219,5445
1.07219,1.07488,1.06986,1.07356,16954
1.07357,1.07436,1.06981,1.07081,14144
1.07082,1.07298,1.07052,1.07178,9850
1.0718,1.07316,1.07143,1.07211,6741
1.07212,1.07257,1.07105,1.07174,6259
1.07174,1.0743,1.07173,1.0733,8279
1.0733,1.07496,1.0732,1.07417,6335
1.07418,1.07434,1.07338,1.07417,4885
1.0742,1.07425,1.07319,1.07324,1000
1.07335,1.07352,1.07304,1.0731,151
1.0731,1.07351,1.07305,1.07319,1813
1.0732,1.07336,1.0725,1.07268,1072
1.07268,1.07367,1.07252,1.0734,3035
1.0734,1.07394,1.07312,1.07381,2717
1.07383,1.07599,1.07375,1.07562,3724
1.07562,1.07572,1.07494,1.0751,2083
1.0751,1.07539,1.0743,1.07449,1727
1.0745,1.07464,1.0736,1.07382,2403
1.07383,1.07414,1.07307,1.07343,3199
1.07344,1.07444,1.07275,1.07375,5742
1.07375,1.07437,1.07268,1.07317,5857
1.07316,1.0733,1.06657,1.06781,9748
1.06781,1.06844,1.06197,1.06268,11737
1.06268,1.06296,1.05805,1.05876,10985
1.05875,1.05954,1.05526,1.05567,14691
1.05564,1.05586,1.05224,1.05452,15199
1.05452,1.05649,1.05295,1.05473,13280
1.05478,1.05503,1.0516,1.05338,8694
1.05338,1.05505,1.05276,1.05422,7525
1.05422,1.05629,1.05422,1.05569,7737
1.05569,1.05901,1.05473,1.05858,10524
1.05857,1.05925,1.05746,1.05802,10368
1.05802,1.05834,1.05739,1.05761,1748
1.05767,1.05783,1.05753,1.05766,276
1.05757,1.05812,1.05737,1.05783,2320
1.05783,1.05889,1.05779,1.05816,2389
1.05816,1.05982,1.05731,1.05897,5603
1.05895,1.05991,1.0586,1.05938,6063
1.05938,1.05968,1.05874,1.05924,3909
1.05923,1.05988,1.059,1.05987,2707
1.05988,1.06032,1.05975,1.06026,2274
1.06026,1.06155,1.05984,1.06072,2651
1.06073,1.06082,1.05993,1.06057,2877
1.06056,1.06282,1.05928,1.06248,7097
1.06251,1.06357,1.06123,1.06125,9092
1.06123,1.06203,1.06047,1.06174,6682
1.06173,1.0621,1.06002,1.06162,4815
1.06162,1.0617,1.06048,1.06131,5086
1.06132,1.06203,1.05754,1.05878,10622
1.05878,1.06213,1.05507,1.06066,16797
1.06073,1.06082,1.05729,1.06003,14357
1.06004,1.06268,1.05862,1.06214,13139
1.06213,1.06252,1.06074,1.06187,8901
1.06187,1.06206,1.05916,1.05922,6672
1.05922,1.06205,1.05917,1.06123,4940
1.06123,1.06197,1.0611,1.06149,4540
1.06149,1.06171,1.06105,1.0616,1167
1.06104,1.06154,1.06088,1.06115,802
1.06111,1.06156,1.06081,1.06121,2796
1.06121,1.06172,1.06116,1.06136,2251
1.06135,1.06203,1.06115,1.06182,2757
1.06182,1.06319,1.06142,1.0626,3576
1.0626,1.06387,1.06257,1.06337,2655
1.06337,1.06448,1.06315,1.06402,2657
1.06401,1.06493,1.06389,1.06492,2117
1.06492,1.06507,1.06443,1.06487,2292
1.06487,1.06631,1.06444,1.06628,2892
1.06628,1.06694,1.06581,1.06626,5016
1.06627,1.06701,1.06515,1.06523,6663
1.06523,1.06599,1.06403,1.0647,4457
1.06468,1.0647,1.06252,1.06333,4161
1.06333,1.06402,1.06156,1.06297,5364
1.06297,1.06336,1.06122,1.0626,6539
1.06262,1.06343,1.06172,1.06256,7009
1.06256,1.06444,1.06248,1.06337,9328
1.06337,1.06482,1.06299,1.06465,7142
1.06463,1.06759,1.06424,1.06675,5713
1.06675,1.06751,1.06635,1.06729,4143
1.06729,1.06854,1.06667,1.06808,4596
1.06808,1.0683,1.0661,1.06614,3748
1.06614,1.06655,1.06586,1.06653,1251
1.06774,1.06781,1.06653,1.06698,2358
1.06699,1.06825,1.0667,1.06807,2261
1.06806,1.06884,1.06789,1.06808,4043
1.06808,1.06899,1.06691,1.06748,4426
1.0675,1.06845,1.06738,1.06796,2941
1.06796,1.06797,1.06644,1.06691,3597
1.06691,1.06744,1.06656,1.06697,2246
1.06695,1.0681,1.06684,1.06794,2255
1.06794,1.06811,1.06589,1.06612,6692
1.06611,1.06709,1.06416,1.06555,10640
1.06556,1.06688,1.06313,1.06613,10135
1.06614,1.0678,1.06497,1.06745,8216
1.06745,1.06995,1.06709,1.06962,6240
1.0696,1.07087,1.06887,1.0707,4649
1.07071,1.07177,1.07017,1.07052,5927
1.07051,1.07309,1.07028,1.07238,6924
1.07238,1.07296,1.07126,1.07269,5627
1.07269,1.07269,1.07116,1.07212,4853
1.07212,1.07255,1.07069,1.07254,5129
1.07257,1.07284,1.07155,1.07161,2607
1.07161,1.07258,1.07142,1.07243,2797
1.07244,1.07258,1.07191,1.07231,2419
1.07231,1.07241,1.07204,1.07232,987
1.07199,1.07222,1.07185,1.07204,4227
1.07203,1.07241,1.07197,1.07225,3474
1.07225,1.07243,1.07155,1.07185,1502
1.07186,1.07259,1.07153,1.07175,2969
1.07175,1.07208,1.07151,1.07169,2519
1.07169,1.07224,1.07161,1.07221,1852
1.07221,1.07221,1.07141,1.07159,1399
1.07159,1.07159,1.07097,1.07122,1123
1.07124,1.07158,1.07104,1.07157,1159
1.07158,1.07177,1.07041,1.07075,2252
1.07074,1.07221,1.07061,1.0719,4728
1.07191,1.07388,1.07162,1.073,6702
1.07296,1.07496,1.07248,1.07462,4047
1.07462,1.07646,1.07401,1.07632,4422
1.07632,1.07846,1.07614,1.07786,4371
1.07787,1.07827,1.0774,1.07813,4532
1.07813,1.07886,1.07727,1.07769,4642
1.07769,1.078,1.07608,1.07743,6052
1.07744,1.0783,1.07656,1.07688,5061
1.07688,1.07784,1.07621,1.07677,4159
1.07679,1.07722,1.07611,1.07643,3094
1.07645,1.07669,1.07563,1.07648,2112
1.07648,1.07742,1.07626,1.07695,1810
1.07695,1.07721,1.07655,1.07693,822
1.0768,1.07698,1.07676,1.07685,415
1.07685,1.07702,1.07675,1.07698,1393
1.07698,1.07739,1.07687,1.07727,1640
1.07726,1.07761,1.07659,1.07679,2177
1.07679,1.07769,1.07668,1.07726,3028
1.07727,1.07753,1.07653,1.07692,2300
1.07692,1.07724,1.0766,1.077,2063
1.07699,1.0772,1.0768,1.07688,1170
1.07688,1.07751,1.07672,1.07726,1330
1.07725,1.07744,1.07639,1.07668,2191
1.07667,1.07719,1.07592,1.07657,4394
1.07657,1.0783,1.07651,1.07802,5435
1.07804,1.07931,1.07758,1.07867,4256
1.07867,1.07948,1.07797,1.07924,3840
1.07923,1.07981,1.07883,1.07972,3136
1.07972,1.08003,1.07791,1.07819,3995
1.07819,1.07895,1.0776,1.07815,3806
1.07816,1.07985,1.07758,1.07953,3970
1.07953,1.07958,1.07835,1.07913,3782
1.07913,1.08005,1.07885,1.07989,2867
1.07989,1.07998,1.07899,1.07935,2895
1.07939,1.09125,1.0793,1.08808,18984
1.08807,1.08929,1.08525,1.08656,13770
1.08654,1.08656,1.08547,1.08593,2069
1.08579,1.08594,1.08565,1.08587,422
1.08586,1.08644,1.08569,1.08579,1583
1.08579,1.08718,1.08579,1.08689,1901
1.08692,1.08837,1.08685,1.08835,3181
1.08835,1.08883,1.08791,1.08863,2790
1.08863,1.0899,1.08822,1.08956,3044
1.08957,1.09056,1.08931,1.09009,2925
1.09008,1.09043,1.08949,1.09037,2085
1.09037,1.09114,1.09021,1.09047,2912
1.09047,1.09299,1.09035,1.09152,4001
1.09153,1.09269,1.09004,1.09062,6106
1.09063,1.09105,1.08913,1.08998,6982
1.08998,1.09038,1.08807,1.08858,5537
1.08858,1.08859,1.08669,1.08772,4135
1.08772,1.08805,1.08698,1.08758,3752
1.08761,1.08939,1.08697,1.08734,7022
1.08734,1.08931,1.0873,1.08871,5801
1.08872,1.08952,1.08807,1.08914,5453
1.08914,1.09079,1.08836,1.089,5322
1.08899,1.08988,1.08835,1.08956,4868
1.08956,1.08956,1.08642,1.08688,3776
1.08688,1.08768,1.08278,1.08418,5275
1.0842,1.08534,1.08242,1.08401,8951
1.084,1.08409,1.0831,1.08323,1686
1.08312,1.08349,1.08307,1.08331,1476
1.08317,1.08384,1.0827,1.08314,1437
1.08314,1.08358,1.08312,1.08346,1689
1.08347,1.08349,1.08246,1.08326,2919
1.08326,1.08351,1.08205,1.0825,4943
1.0825,1.08283,1.08199,1.08206,3390
1.08207,1.08287,1.08173,1.08287,2044
1.08287,1.08343,1.08232,1.08343,2338
1.08342,1.08372,1.08309,1.08336,2574
1.08336,1.08354,1.08246,1.08248,2540
1.08248,1.08352,1.08229,1.08282,3908
1.08281,1.08311,1.0768,1.07802,10682
1.07802,1.07909,1.07215,1.07258,9014
1.07258,1.07426,1.07214,1.07278,9769
1.07279,1.07483,1.07124,1.07384,6258
1.07383,1.07523,1.07231,1.07494,7602
1.07496,1.07658,1.07413,1.0757,8424
1.07573,1.07676,1.07494,1.075,7164
1.075,1.07639,1.07416,1.07611,6523
1.07611,1.07673,1.07514,1.07574,4774
1.07574,1.07677,1.07553,1.07616,3490
1.07616,1.07628,1.07541,1.07606,2631
1.07607,1.07665,1.07576,1.0759,2064
1.07589,1.07628,1.07589,1.07601,1150
1.07707,1.07721,1.07644,1.07644,153
1.07651,1.07798,1.07649,1.07776,2836
1.07777,1.07787,1.07709,1.07778,2073
1.07776,1.07776,1.07609,1.0761,2921
1.0761,1.07671,1.07576,1.07615,3520
1.07616,1.07703,1.07615,1.07698,2007
1.07696,1.07749,1.07685,1.07715,2242
1.07715,1.07726,1.07641,1.07679,1638
1.07679,1.07709,1.07636,1.07654,2704
1.07654,1.07666,1.07513,1.07635,4415
1.07635,1.07822,1.07451,1.07515,6134
1.07514,1.07727,1.07503,1.07667,4981
1.07666,1.07695,1.07566,1.07662,3684
1.07661,1.07696,1.07616,1.07678,3374
1.07678,1.07809,1.0767,1.07718,3539
1.07718,1.07804,1.0768,1.07731,4523
1.07732,1.07948,1.07702,1.07843,5647
1.07843,1.07919,1.07757,1.07816,4918
1.07816,1.079,1.07776,1.07879,3168
1.0788,1.07949,1.07864,1.07911,2561
1.07911,1.07958,1.07862,1.0794,2478
1.07941,1.07967,1.07892,1.07957,1947
1.07957,1.07989,1.07922,1.07973,1550
1.07973,1.08001,1.07962,1.07977,607
1.07955,1.07974,1.07944,1.07964,194
1.07959,1.08009,1.07959,1.0799,840
1.0799,1.08078,1.07986,1.08063,1304
1.08063,1.08179,1.08035,1.08157,2352
1.08157,1.08194,1.08104,1.0815,2809
1.08149,1.08178,1.08108,1.08139,2101
1.08139,1.08179,1.08121,1.08151,1897
1.08151,1.08153,1.081,1.08123,1766
1.08122,1.08163,1.08063,1.08103,2091
1.08103,1.0819,1.0808,1.08082,3813
1.08083,1.08342,1.08083,1.08205,5033
1.08206,1.08241,1.08116,1.08123,4094
1.08123,1.0823,1.08102,1.08165,3172
1.08164,1.08295,1.08145,1.08226,3080
1.08226,1.08367,1.08206,1.08314,3337
1.08314,1.08469,1.08301,1.08395,5179
1.08395,1.08395,1.08223,1.08246,4874
1.08238,1.08412,1.08165,1.08321,5629
1.08321,1.08461,1.08311,1.08428,3754
1.08429,1.08442,1.08315,1.0842,2494
1.08423,1.08443,1.08367,1.08377,1831
1.08376,1.08439,1.08357,1.08433,1792
1.08432,1.08486,1.08414,1.08479,1339
1.08472,1.08475,1.08434,1.08444,608
1.08416,1.08434,1.08382,1.08392,2319
1.08386,1.08447,1.08385,1.08412,668
1.08414,1.08416,1.08362,1.08391,882
1.08391,1.08476,1.08391,1.08471,2783
1.08472,1.08495,1.08395,1.08449,2456
1.08449,1.08462,1.08367,1.08377,1722
1.08379,1.08391,1.08346,1.08364,1467
1.08364,1.08439,1.08338,1.08375,1906
1.08383,1.08409,1.08317,1.0832,2208
1.08315,1.08344,1.08228,1.08229,3532
1.08227,1.08375,1.08178,1.08368,3486
1.08362,1.08397,1.08267,1.08329,3853
1.08329,1.08627,1.08323,1.08599,3761
1.08599,1.08627,1.08509,1.08575,3055
1.08574,1.08717,1.08525,1.08551,3718
1.08552,1.08602,1.0839,1.08537,4940
1.08537,1.08585,1.08327,1.08469,5206
1.08468,1.08528,1.08256,1.0831,6488
1.08309,1.08437,1.08247,1.08251,5031
1.08251,1.08355,1.08236,1.08278,2635
1.08278,1.08483,1.08259,1.08465,2328
1.08465,1.08473,1.08371,1.08445,2076
1.08442,1.0847,1.08392,1.08395,2507
1.08396,1.08446,1.08384,1.08444,665
1.08389,1.0842,1.08382,1.08396,3135
1.08393,1.08483,1.08391,1.08441,1044
1.08444,1.08459,1.08398,1.08427,1146
1.08429,1.08433,1.08355,1.08376,2038
1.08376,1.08377,1.08285,1.08318,2423
1.08316,1.08346,1.08273,1.08305,1439
1.08305,1.08361,1.08264,1.08329,1373
1.08329,1.08414,1.08321,1.08391,867
1.08394,1.08467,1.08363,1.08417,2862
1.08416,1.08505,1.08321,1.08463,4062
1.08457,1.08579,1.08237,1.0855,5885
1.08547,1.08794,1.08506,1.08732,4938
1.0874,1.08762,1.08591,1.08606,3578
1.08606,1.08848,1.08602,1.08788,3258
1.08787,1.08813,1.08724,1.0879,2633
1.08789,1.09111,1.08786,1.09103,5849
1.09103,1.09263,1.09072,1.09171,6469
1.09171,1.0921,1.09079,1.09127,5281
1.09127,1.09134,1.08946,1.08982,3749
1.08982,1.09067,1.08966,1.0905,2297
1.0905,1.09056,1.08922,1.09,2081
1.09001,1.09061,1.08964,1.09054,1452
1.09055,1.09079,1.09025,1.09068,1273
1.09068,1.09074,1.09022,1.0905,635
1.0904,1.09065,1.0904,1.09046,334
1.09059,1.0906,1.09021,1.09023,735
1.09022,1.09061,1.09016,1.09042,1185
1.09043,1.09171,1.09039,1.09157,2717
1.09156,1.09257,1.09077,1.09081,3235
1.09081,1.09126,1.09039,1.09073,2224
1.09071,1.09083,1.09012,1.09068,1356
1.09067,1.09095,1.09023,1.09034,1007
1.09034,1.09043,1.08948,1.08955,1665
1.08953,1.09052,1.08881,1.0904,3163
1.0904,1.09108,1.08802,1.08848,4622
1.08847,1.08919,1.0873,1.08895,4983
1.08893,1.08961,1.08754,1.08837,4839
1.08838,1.08886,1.08676,1.08693,2817
1.08693,1.08794,1.08642,1.08672,2708
1.08673,1.08945,1.08673,1.08872,5463
1.08873,1.08941,1.08773,1.08915,5524
1.08917,1.09018,1.08576,1.0867,6610
1.0867,1.08757,1.08589,1.08719,5082
1.08719,1.08724,1.08588,1.08694,2919
1.08694,1.08712,1.08483,1.08531,2197
1.08531,1.08623,1.08518,1.08556,1959
1.08554,1.08566,1.08431,1.08458,2550
1.08459,1.08461,1.08363,1.08429,1386
1.08429,1.08429,1.08368,1.08404,161
1.08404,1.08409,1.08048,1.0819,2683
1.0819,1.0823,1.08013,1.08023,2993
1.08023,1.08147,1.07987,1.08138,3556
1.08139,1.08169,1.08028,1.08075,3748
1.08075,1.0808,1.07907,1.07937,2677
1.07937,1.07979,1.07882,1.079,2026
1.079,1.07959,1.07898,1.07931,1633
1.07931,1.07958,1.07892,1.07954,2180
1.07949,1.08163,1.07914,1.08149,4324
1.08149,1.0842,1.08126,1.08391,4914
1.0839,1.08498,1.083,1.08429,3307
1.08428,1.08544,1.08428,1.0851,3197
1.08509,1.08722,1.08497,1.08704,3708
1.08704,1.08779,1.08608,1.08768,4152
1.08766,1.08766,1.08618,1.08651,4104
1.08651,1.08968,1.08645,1.08845,5061
1.08845,1.09167,1.08843,1.08871,9823
1.08874,1.0894,1.08784,1.08904,4256
1.08903,1.08939,1.0884,1.08887,2402
1.08887,1.08888,1.08801,1.08871,2414
1.08871,1.09008,1.08861,1.08967,2308
1.08967,1.09074,1.08948,1.09063,1786
1.09062,1.09082,1.09019,1.09031,912
1.09006,1.09049,1.08995,1.09001,363
1.08998,1.09057,1.08998,1.09036,866
1.09038,1.09094,1.09036,1.09066,1084
1.09067,1.09099,1.0899,1.0901,2610
1.0901,1.09015,1.08903,1.08932,2178
1.0893,1.08957,1.08884,1.08908,2001
1.08909,1.08925,1.08887,1.08888,1440
1.08887,1.08988,1.08879,1.08945,2335
1.08945,1.08957,1.0883,1.08857,1692
1.08853,1.09084,1.08849,1.09073,3516
1.09075,1.09384,1.09022,1.09252,5298
1.09253,1.09259,1.09137,1.09171,4270
1.09172,1.09361,1.0916,1.09313,4492
1.09316,1.09355,1.09163,1.09209,3447
1.09209,1.09209,1.08959,1.08976,3325
1.08976,1.09095,1.08869,1.08913,4195
1.08912,1.09112,1.08885,1.09037,4626
1.09037,1.09733,1.09036,1.09696,11452
1.09694,1.09703,1.09491,1.09506,5598
1.09508,1.09541,1.09432,1.09463,3105
1.09463,1.09508,1.09437,1.09484,1747
1.09484,1.09538,1.09441,1.09534,1467
1.09535,1.09578,1.09511,1.09574,1678
1.09574,1.09581,1.09542,1.0956,612
1.09526,1.09559,1.09515,1.09544,316
1.09543,1.09599,1.09532,1.09571,1483
1.09572,1.09615,1.09564,1.09576,1101
1.09575,1.09696,1.09568,1.09606,2194
1.09605,1.09635,1.09564,1.09574,1289
1.09578,1.09643,1.09568,1.09609,2829
1.09609,1.09628,1.09554,1.09597,1711
1.09597,1.09598,1.09537,1.0955,1414
1.0955,1.09589,1.09513,1.09579,1548
1.09578,1.09596,1.09467,1.09485,3242
1.09484,1.09682,1.09476,1.09504,3911
1.09503,1.09548,1.09409,1.09513,3941
1.09514,1.09603,1.0944,1.09522,3283
1.09521,1.09536,1.09413,1.09458,2585
1.09461,1.09471,1.0935,1.09412,2867
1.0941,1.09631,1.09376,1.09579,6907
1.09578,1.09601,1.09388,1.09401,5523
1.09405,1.09668,1.09027,1.09098,10080
1.09098,1.09235,1.09056,1.09174,4373
1.09175,1.09199,1.08962,1.08968,2501
1.08969,1.09007,1.08911,1.09007,2114
1.09008,1.09095,1.08995,1.09091,1409
1.0909,1.09098,1.0902,1.09038,1277
1.09041,1.09061,1.09011,1.09056,594
1.09018,1.09068,1.08992,1.09059,1919
1.09059,1.09102,1.09056,1.09099,1072
1.09098,1.09099,1.0903,1.0903,1118
1.09031,1.09046,1.0893,1.08939,1530
1.08939,1.08941,1.08846,1.08922,2136
1.08923,1.08934,1.08854,1.08866,1145
1.08867,1.08924,1.08861,1.08919,1004
1.0892,1.0896,1.08898,1.08928,805
1.08928,1.0896,1.08897,1.08948,1717
1.08948,1.09067,1.08935,1.09022,2754
1.09022,1.09173,1.09012,1.09069,4191
1.09069,1.09102,1.08934,1.08995,3690
1.08994,1.09102,1.08924,1.09087,2684
1.09088,1.09088,1.08979,1.09,2365
1.09,1.09168,1.08998,1.09153,2022
1.09152,1.0919,1.08897,1.08922,5520
1.08922,1.08999,1.0886,1.08968,4849
1.08968,1.09239,1.08927,1.09232,5364
1.09232,1.09284,1.09196,1.09261,3482
1.09261,1.09377,1.09261,1.09343,1868
1.09343,1.09362,1.09293,1.09339,1406
1.09339,1.0935,1.09295,1.09312,1307
1.09973,1.10018,1.09973,1.10012,1887
1.10012,1.1008,1.10004,1.10059,1353
1.10059,1.10068,1.09986,1.09993,617
1.09983,1.1003,1.09979,1.10012,1081
1.10013,1.10064,1.10004,1.10063,725
1.10061,1.10138,1.1005,1.10108,848
1.10108,1.10206,1.10049,1.10173,1254
1.10174,1.10242,1.10129,1.10228,1522
1.10228,1.10258,1.10197,1.10253,1189
1.10253,1.10299,1.10251,1.10295,805
1.10295,1.10296,1.10214,1.10218,1156
1.10218,1.10265,1.10184,1.10201,1554
1.102,1.10319,1.10143,1.10308,2384
1.10308,1.10413,1.10261,1.10345,3787
1.10344,1.10469,1.10344,1.10397,3050
1.10395,1.1047,1.10367,1.10405,2576
1.10405,1.10407,1.10297,1.1033,2341
1.10329,1.10437,1.1032,1.10396,2316
1.10396,1.10437,1.10216,1.10385,5084
1.10387,1.10435,1.10288,1.10315,4083
1.10315,1.10594,1.10315,1.10528,5564
1.10528,1.10587,1.10478,1.10478,3905
1.10479,1.10529,1.10444,1.1047,2400
1.1047,1.10534,1.10418,1.10493,1919
1.10493,1.10916,1.10373,1.10601,14313
1.10601,1.10638,1.10406,1.10546,8625
1.10545,1.10607,1.10516,1.106,1267
1.10586,1.10663,1.10566,1.10615,518
1.10614,1.10783,1.10614,1.10679,2639
1.10676,1.10727,1.10642,1.10685,1274
1.10687,1.10873,1.10686,1.10758,2259
1.10758,1.10842,1.10713,1.10815,2546
1.10815,1.10877,1.10802,1.10841,2144
1.10842,1.10858,1.10802,1.10813,1323
1.10813,1.10874,1.10795,1.10815,1083
1.10815,1.10878,1.108,1.10841,1467
1.10841,1.10918,1.10727,1.10754,3793
1.10754,1.10768,1.10522,1.1058,4457
1.10581,1.10581,1.10371,1.10403,3780
1.10407,1.10562,1.10366,1.10552,3191
1.1055,1.10634,1.10491,1.10606,2853
1.10606,1.10767,1.10601,1.10745,3195
1.10746,1.10837,1.10013,1.10094,10194
1.10094,1.10555,1.10029,1.10239,10317
1.1024,1.10382,1.09862,1.10007,9905
1.10008,1.10135,1.09953,1.10082,6571
1.10083,1.10306,1.10081,1.10248,4438
1.10247,1.10316,1.10207,1.10216,3076
1.10216,1.10226,1.10113,1.10158,2580
1.10158,1.10201,1.10136,1.10147,1676
1.10147,1.10155,1.10125,1.10138,815
1.10106,1.10141,1.10087,1.10137,307
1.10127,1.10214,1.10095,1.10213,744
1.10213,1.10244,1.10194,1.10228,655
1.10228,1.10296,1.10189,1.1025,1049
1.1025,1.10371,1.1025,1.10354,1498
1.10354,1.10371,1.10273,1.10312,1418
1.10312,1.10446,1.1031,1.1044,1317
1.10441,1.1045,1.10406,1.10418,827
1.10418,1.10464,1.10382,1.104,2105
1.10399,1.10469,1.10301,1.10454,2800
1.10454,1.10479,1.10257,1.10269,3591
1.10269,1.10319,1.10241,1.10283,3053
1.10283,1.10319,1.1022,1.10275,2247
1.10275,1.10311,1.10215,1.1025,1768
1.1025,1.10258,1.10086,1.10095,2187
1.10094,1.10186,1.09667,1.0976,8420
1.09762,1.09962,1.09761,1.09914,7106
1.09914,1.1008,1.09854,1.10069,5110
1.10069,1.10269,1.1005,1.10248,4134
1.10248,1.10367,1.10212,1.10322,2620
1.10322,1.10347,1.10096,1.10116,2542
1.10116,1.1027,1.10108,1.10265,2000
1.10265,1.10265,1.10167,1.10183,1958
1.10183,1.10198,1.10167,1.10182,928
1.102,1.10225,1.10174,1.10208,413
1.10209,1.10225,1.10142,1.10162,951
1.10162,1.10217,1.10142,1.10182,842
1.10183,1.10253,1.10167,1.10242,1540
1.10243,1.10321,1.10187,1.10313,1486
1.10313,1.10371,1.10281,1.1032,1460
1.1032,1.10399,1.10314,1.1039,997
1.10391,1.10443,1.10386,1.10436,1165
1.10436,1.10445,1.10368,1.1039,1403
1.1039,1.10506,1.10375,1.10483,1901
1.10483,1.10502,1.10383,1.10494,2909
1.10493,1.10538,1.10359,1.10362,3318
1.10366,1.10392,1.1023,1.10361,2939
1.10361,1.10503,1.10355,1.1048,2154
1.10481,1.10515,1.10302,1.10351,2555
1.1035,1.10411,1.1032,1.10371,3094
1.10371,1.10444,1.10336,1.10434,2991
1.10435,1.10441,1.1013,1.10159,3585
1.10159,1.10235,1.10117,1.10198,2534
1.10198,1.10292,1.10189,1.10272,1701
1.10272,1.10293,1.10133,1.10157,1288
1.10156,1.10156,1.10051,1.10057,2345
1.1006,1.10078,1.10002,1.10019,1517
1.10018,1.10046,1.10001,1.10043,791
1.09995,1.1005,1.09995,1.10039,1854
1.10039,1.10039,1.1001,1.10013,653
1.10013,1.10024,1.09953,1.09964,595
1.09964,1.09974,1.0985,1.09898,2233
1.09898,1.09949,1.09871,1.09876,1369
1.09876,1.09926,1.0985,1.09905,1108
1.09906,1.0994,1.09881,1.09938,972
1.0994,1.09954,1.09885,1.09889,915
1.09887,1.09943,1.09846,1.09942,1520
1.09942,1.10008,1.09873,1.09943,3040
1.09943,1.10003,1.09728,1.09782,4435
1.09781,1.09863,1.09743,1.09789,3393
1.06461,1.06461,1.06418,1.06427,1398
1.06385,1.06404,1.0636,1.06388,370
1.06394,1.06628,1.06394,1.06623,2422
1.06623,1.06675,1.06516,1.06612,2834
1.06613,1.06719,1.06551,1.06667,3722
1.06667,1.06777,1.06663,1.0677,3225
1.06769,1.06769,1.06659,1.06675,2960
1.06673,1.06784,1.06667,1.06766,1524
1.06765,1.06831,1.06731,1.06772,2312
1.06772,1.06863,1.06756,1.06818,2794
1.06819,1.06949,1.06683,1.06733,7146
1.06733,1.06997,1.06725,1.06904,7752
1.06904,1.06936,1.06599,1.06724,6500
1.06727,1.06766,1.06614,1.0669,5608
1.06693,1.06857,1.06675,1.06843,4980
1.06839,1.06937,1.06809,1.06889,4428
1.06889,1.07319,1.06853,1.07252,8111
1.07253,1.07383,1.07115,1.07282,8963
1.07282,1.07493,1.07278,1.07403,8780
1.07403,1.07607,1.07402,1.07582,7488
1.07582,1.07601,1.07399,1.07503,5863
1.07503,1.07542,1.07377,1.07433,4487
1.07431,1.07529,1.07415,1.07518,4913
1.07518,1.07539,1.07305,1.07311,6409
1.07311,1.07353,1.07301,1.07318,1666
1.07293,1.07316,1.07261,1.07315,1829
1.07315,1.0738,1.07272,1.07325,1834
1.07324,1.07382,1.07204,1.07275,3567
1.07274,1.07397,1.07259,1.07362,2950
1.07362,1.07425,1.07212,1.07308,3550
1.07311,1.07343,1.07257,1.07324,2197
1.07325,1.07341,1.0728,1.07307,1438
1.07307,1.07441,1.07295,1.07427,2300
1.0743,1.07434,1.07262,1.07341,2845
1.07346,1.07397,1.07222,1.07318,6189
1.07318,1.07473,1.07313,1.07386,6375
1.07385,1.07518,1.07296,1.07461,5545
1.07461,1.07461,1.07342,1.07365,4336
1.07365,1.07426,1.07319,1.07352,4075
1.0735,1.07355,1.07154,1.07194,5335
1.07195,1.07254,1.07121,1.07217,5816
1.07219,1.07593,1.07216,1.07407,12770
1.07406,1.07532,1.07218,1.07277,11650
1.07277,1.0742,1.07242,1.07365,8663
1.07365,1.07438,1.07298,1.07334,5550
1.07334,1.07397,1.07275,1.0738,4249
1.07381,1.07432,1.07364,1.0741,3996
1.07409,1.07441,1.07306,1.07361,3431
1.07366,1.07377,1.07318,1.07334,1452
1.07329,1.07368,1.07315,1.07342,2856
1.07347,1.07389,1.07315,1.07383,1062
1.07383,1.07451,1.07372,1.07451,2082
1.07451,1.07451,1.07252,1.0731,2230
1.07308,1.0738,1.07267,1.07268,1764
1.07268,1.07367,1.07263,1.07334,1448
1.0734,1.07394,1.0732,1.07386,910
1.07387,1.07568,1.0737,1.07478,1822
1.0748,1.07552,1.07459,1.07459,1917
1.07459,1.07575,1.07437,1.07469,5159
1.07469,1.07489,1.07289,1.07298,6055
1.07298,1.07483,1.07255,1.07417,5458
1.07417,1.07513,1.07401,1.07493,4187
1.07493,1.07555,1.07436,1.07485,4467
1.07485,1.07489,1.07282,1.07407,4838
1.07407,1.07529,1.07393,1.07499,5004
1.07499,1.07765,1.07451,1.07699,8065
1.07699,1.07749,1.0752,1.07551,8744
1.07551,1.07619,1.07377,1.07388,5364
1.0739,1.07486,1.07364,1.07468,3669
1.07467,1.07671,1.0735,1.07533,5454
1.07533,1.07638,1.07477,1.07634,3463
1.07634,1.07634,1.07525,1.07539,2786
1.07537,1.0758,1.07517,1.07556,1394
1.07535,1.07603,1.07496,1.07557,1033
1.07584,1.07674,1.0756,1.07655,2290
1.07655,1.07746,1.07599,1.07611,3495
1.07612,1.07675,1.07605,1.07667,3132
1.07667,1.07689,1.07615,1.0767,2003
1.0767,1.07712,1.07649,1.07686,1378
1.07686,1.07736,1.0766,1.07716,1292
1.07718,1.07752,1.07624,1.07628,2220
1.07628,1.0769,1.07567,1.07574,2556
1.07571,1.07652,1.07556,1.07627,4470
1.07626,1.07647,1.07455,1.07481,5101
1.07478,1.07735,1.07427,1.07655,6367
1.07654,1.07685,1.07518,1.07625,4972
1.07625,1.07667,1.07591,1.07617,3819
1.07618,1.07667,1.07549,1.07629,4776
1.07628,1.08386,1.07302,1.08291,16572
1.08291,1.08337,1.07515,1.07677,17432
1.07677,1.08097,1.07637,1.0807,17373
1.08069,1.0826,1.08025,1.08225,11737
1.08226,1.0849,1.08214,1.08487,8055
1.08487,1.0867,1.08463,1.08557,8197
1.08557,1.08561,1.08397,1.08494,6182
1.08493,1.08524,1.08413,1.08522,5060
1.08523,1.08551,1.08488,1.08515,1630
1.08497,1.08497,1.08436,1.08465,570
1.08464,1.08599,1.08452,1.08597,2543
1.08595,1.08678,1.08511,1.08522,4168
1.08522,1.08562,1.08455,1.08554,3220
1.08555,1.08563,1.08314,1.08445,3718
1.08449,1.08475,1.08414,1.08454,1854
1.08454,1.08463,1.08376,1.08397,1426
1.08398,1.08435,1.08319,1.08372,2299
1.08372,1.0851,1.08337,1.08451,3518
1.08453,1.08489,1.08332,1.08489,6128
1.08488,1.08645,1.08371,1.08554,8655
1.08554,1.08603,1.08333,1.08426,6408
1.08425,1.08518,1.08372,1.08452,4835
1.08453,1.08458,1.08084,1.08121,6363
1.08121,1.0816,1.08034,1.08119,5809
1.0812,1.08203,1.07926,1.07937,8210
1.07938,1.08202,1.07805,1.08181,9655
1.08173,1.08388,1.08122,1.08296,10677
1.08294,1.08336,1.08012,1.08102,7830
1.08102,1.08318,1.08067,1.08283,4835
1.08283,1.08346,1.08182,1.08312,3429
1.08312,1.08353,1.08267,1.08293,3270
1.08293,1.08358,1.08271,1.08325,3074
1.08329,1.08345,1.08285,1.08323,1328
1.08316,1.08347,1.08287,1.08309,858
1.08306,1.0832,1.08193,1.08226,1901
1.08227,1.08442,1.08208,1.08416,2819
1.08416,1.0872,1.08405,1.0868,3911
1.0868,1.08742,1.08656,1.08667,3429
1.08667,1.08674,1.0859,1.086,1387
1.086,1.08639,1.08508,1.08528,1316
1.08531,1.08611,1.08525,1.08605,1763
1.08603,1.08606,1.0836,1.08395,2621
1.08395,1.08424,1.08268,1.08312,4575
1.08307,1.08321,1.08024,1.08036,7470
1.08035,1.08241,1.08016,1.0821,4815
1.0821,1.08336,1.08207,1.08301,3537
1.08301,1.08367,1.0824,1.08271,3719
1.0827,1.08284,1.08145,1.08153,3446
1.08152,1.08202,1.0806,1.08159,4219
1.08159,1.08256,1.0814,1.0822,3970
1.08221,1.08293,1.08163,1.08252,3355
1.08253,1.08264,1.08174,1.08248,2855
1.08247,1.08267,1.08118,1.08139,1698
1.08138,1.08148,1.08109,1.08129,512
1.0813,1.08194,1.08125,1.08194,444
1.08194,1.08207,1.08175,1.08203,483
1.08205,1.08247,1.08189,1.0821,640
1.08197,1.08222,1.08162,1.08219,1743
1.08219,1.08319,1.08198,1.08297,2556
1.08297,1.08337,1.08256,1.08287,1580
1.06741,1.06899,1.06726,1.06832,3889
1.06832,1.06856,1.06737,1.06744,4652
1.06744,1.06842,1.06633,1.06772,4147
1.06772,1.06851,1.06755,1.06805,2943
1.06808,1.06843,1.06734,1.06758,2700
1.06759,1.06966,1.06738,1.06907,3505
1.06907,1.06955,1.06761,1.06808,4133
1.06808,1.07072,1.06765,1.0705,6454
1.07051,1.07275,1.07021,1.07197,6516
1.07198,1.07234,1.07103,1.07169,4334
1.07168,1.07217,1.07158,1.07184,2621
1.07184,1.073,1.07117,1.07279,2143
1.07279,1.07283,1.07161,1.07174,2309
1.07173,1.07237,1.07141,1.07228,2101
1.07228,1.0725,1.07205,1.07243,835
1.07188,1.07255,1.07188,1.07247,581
1.07247,1.07325,1.0721,1.0731,1372
1.0731,1.07368,1.07299,1.07334,1968
1.07335,1.07342,1.07257,1.07287,2706
1.07287,1.07339,1.07254,1.0732,2508
1.07321,1.07358,1.07295,1.07345,1323
1.07345,1.07399,1.0732,1.07381,1247
1.07378,1.07398,1.07354,1.07384,1736
1.07383,1.07431,1.07341,1.07392,2458
1.07392,1.07467,1.07289,1.07321,4388
1.07323,1.07503,1.0729,1.07487,4467
1.07492,1.0767,1.07446,1.07615,4872
1.07614,1.07664,1.07486,1.07557,3778
1.07557,1.07653,1.07514,1.07552,3270
1.07552,1.0768,1.07488,1.07581,4345
1.0758,1.08045,1.07184,1.07607,15826
1.07611,1.07695,1.07085,1.07523,19105
1.07523,1.0772,1.07068,1.07158,14101
1.07159,1.07341,1.07125,1.07215,11508
1.07215,1.07306,1.07192,1.07279,6642
1.07277,1.07454,1.07273,1.07317,6383
1.07319,1.07411,1.07233,1.07394,5108
1.07391,1.07424,1.07323,1.0738,3566
1.0738,1.07389,1.07348,1.07352,854
1.0736,1.07366,1.0732,1.07343,524
1.07343,1.07394,1.07332,1.07351,1451
1.07352,1.07402,1.07328,1.07381,2206
1.07381,1.07445,1.07359,1.07397,2304
1.07397,1.07399,1.07233,1.07247,2645
1.07247,1.07277,1.07171,1.07181,2295
1.07181,1.07208,1.07145,1.07182,1699
1.0718,1.07211,1.07137,1.07152,1787
1.07152,1.072,1.07038,1.07074,2811
1.07075,1.07188,1.07,1.07082,5933
1.07084,1.07287,1.07049,1.07241,6117
1.07242,1.07299,1.07166,1.07258,3903
1.07257,1.07331,1.07156,1.07157,3341
1.07159,1.07243,1.07103,1.07111,3003
1.07111,1.07181,1.06969,1.06977,3787
1.06977,1.0706,1.06741,1.06831,10752
1.06831,1.06892,1.06659,1.06695,10655
1.06696,1.06846,1.06652,1.0676,8808
1.0676,1.06878,1.06672,1.06822,6057
1.06823,1.06824,1.06619,1.06669,4079
1.06669,1.06783,1.06606,1.06758,3233
1.06758,1.06863,1.06755,1.06809,2494
1.06812,1.06903,1.06797,1.06903,2117
1.06902,1.06915,1.06864,1.06864,970
1.06862,1.06899,1.06796,1.06884,4779
1.06884,1.06921,1.06864,1.06911,1448
1.06913,1.06955,1.06845,1.06894,3071
1.06893,1.0708,1.06869,1.07049,3542
1.07048,1.07149,1.07026,1.07125,2605
1.07125,1.07128,1.07076,1.07095,1899
1.07095,1.07105,1.07068,1.07071,1419
1.07071,1.07087,1.07011,1.07055,1497
1.07054,1.0709,1.06963,1.06999,2431
1.06998,1.07104,1.06969,1.0709,3803
1.0709,1.07225,1.07007,1.07071,5493
1.0707,1.07129,1.06891,1.07005,4738
1.07005,1.07128,1.07,1.07064,3314
1.07063,1.07068,1.06937,1.07052,3419
1.07052,1.07082,1.06918,1.06939,3473
1.06939,1.07089,1.06699,1.06795,11537
1.06794,1.06893,1.06597,1.06629,10646
1.06627,1.06827,1.06546,1.06731,9380
1.06732,1.06912,1.06682,1.06832,7081
1.0683,1.06961,1.0678,1.0693,4646
1.06929,1.06962,1.06833,1.06921,4347
1.06921,1.06976,1.06895,1.06904,2828
1.06902,1.0691,1.06694,1.06737,6791
1.06737,1.06756,1.067,1.06716,1305
1.0672,1.06742,1.06679,1.06693,552
1.06695,1.06695,1.06623,1.06657,1467
1.06654,1.06656,1.0655,1.06601,1996
1.06601,1.06656,1.06523,1.06534,2531
1.06534,1.0655,1.06486,1.0651,2168
1.06509,1.06557,1.06488,1.06527,1582
1.06527,1.0653,1.06328,1.06383,2112
1.06382,1.06407,1.06355,1.06384,1906
1.06384,1.06389,1.06318,1.06346,2393
1.06344,1.06464,1.06296,1.06442,4691
1.06441,1.0647,1.06307,1.0644,5114
1.0644,1.06613,1.06357,1.0637,4633
1.06369,1.06447,1.06326,1.06417,3522
1.06417,1.06421,1.06238,1.06258,3643
1.06258,1.06267,1.06128,1.06201,4618
1.06202,1.06439,1.06202,1.06413,5339
1.06413,1.06557,1.06368,1.06404,7187
1.06404,1.06822,1.06404,1.06622,11227
1.06622,1.06796,1.06568,1.06771,6624
1.06772,1.06939,1.06769,1.06786,4677
1.06789,1.06909,1.06776,1.06855,2940
1.06856,1.0697,1.06855,1.06964,2915
1.06964,1.06985,1.06935,1.06948,3276
1.0695,1.06977,1.06925,1.06935,913
1.06864,1.0693,1.06845,1.06898,1433
1.06898,1.06932,1.06821,1.06841,1898
1.06841,1.06856,1.0673,1.06791,2190
1.06791,1.06811,1.06735,1.06759,2142
1.06759,1.06868,1.06754,1.06838,2046
1.06838,1.06842,1.0679,1.06818,1499
1.06818,1.06912,1.06815,1.06867,1569
1.06867,1.06934,1.06838,1.06909,1608
1.0691,1.06939,1.06877,1.06907,2356
1.06907,1.07038,1.06877,1.07018,3022
1.07018,1.07047,1.06854,1.0693,3471
1.0693,1.06993,1.06792,1.06794,3390
1.06794,1.0689,1.06781,1.06883,2562
1.0688,1.06923,1.06831,1.06853,2491
1.06857,1.06863,1.06705,1.06713,2394
1.06713,1.06863,1.06704,1.06806,2980
1.06806,1.06916,1.06784,1.06887,2716
1.06886,1.06939,1.06837,1.06862,2519
1.06863,1.06891,1.06832,1.06885,1540
1.06884,1.06906,1.06842,1.06856,933
1.06858,1.06869,1.06835,1.06836,454
1.06836,1.06875,1.06836,1.06874,468
1.06874,1.06874,1.06844,1.06844,432
1.06847,1.0686,1.06821,1.06853,643
1.06837,1.06867,1.06818,1.06837,2044
1.06839,1.06885,1.06822,1.06823,720
1.06823,1.06852,1.0677,1.06771,1732
1.06771,1.06778,1.06674,1.06737,2453
1.06737,1.06752,1.06633,1.06635,2027
1.06635,1.06667,1.0662,1.06667,1669
1.06667,1.06698,1.06628,1.06686,1011
1.06685,1.06742,1.06661,1.06738,1537
1.06738,1.06738,1.06669,1.06714,1777
1.06714,1.06725,1.066,1.06696,3303
1.06696,1.06881,1.06596,1.06602,6673
1.06604,1.06751,1.06428,1.06625,7504
1.06625,1.06679,1.06458,1.06489,4593
1.06489,1.06609,1.06464,1.06574,3660
1.06574,1.06648,1.06472,1.066,3922
1.066,1.06696,1.06517,1.06529,6013
1.06529,1.06733,1.06439,1.06489,9364
1.06488,1.06983,1.06458,1.06854,10183
1.06857,1.06857,1.06561,1.06564,5323
1.06562,1.06629,1.06528,1.06607,3235
1.06607,1.06614,1.06375,1.06428,2692
1.06429,1.06524,1.06399,1.06486,2412
1.06487,1.06525,1.06453,1.06456,2354
1.06457,1.06486,1.06431,1.06465,694
1.06445,1.0649,1.06426,1.06468,6396
1.06466,1.06534,1.06466,1.06514,805
1.06514,1.06584,1.06485,1.06579,2524
1.06568,1.0664,1.0654,1.06577,2768
1.06577,1.06607,1.06536,1.06561,2417
1.06561,1.06626,1.0655,1.06596,1240
1.06597,1.066,1.06564,1.06586,1030
1.06585,1.0659,1.06513,1.06576,1399
1.06576,1.06601,1.06553,1.06563,1411
1.06566,1.06636,1.06525,1.06537,3231
1.06536,1.06578,1.06429,1.06455,4836
1.06449,1.06507,1.06357,1.06376,5418
1.06375,1.06422,1.0625,1.06251,4624
1.0625,1.06362,1.06246,1.06303,3804
1.06306,1.06479,1.06256,1.06479,4850
1.06479,1.06506,1.06362,1.06463,4984
1.06463,1.06605,1.06411,1.06498,6970
1.06499,1.06576,1.0625,1.06268,8568
1.06266,1.06341,1.06173,1.06229,6514
1.06229,1.06346,1.06181,1.06282,3290
1.06283,1.06361,1.06222,1.06246,3259
1.06246,1.06342,1.05993,1.06009,10410
1.0601,1.06072,1.05992,1.06028,3990
1.06028,1.06055,1.06011,1.06045,875
1.06036,1.0605,1.06005,1.06042,301
1.06037,1.06083,1.06029,1.06053,1093
1.0904,1.09112,1.08862,1.08862,4696
1.08864,1.08997,1.08798,1.08915,6205
1.08914,1.08993,1.08676,1.08708,7851
1.08708,1.08748,1.08607,1.08659,5661
1.08658,1.08669,1.08575,1.08578,4257
1.08578,1.08607,1.08502,1.08545,3429
1.08546,1.08556,1.08393,1.08462,3208
1.08461,1.08546,1.08442,1.08459,3198
1.08464,1.08525,1.08456,1.085,1278
1.0848,1.08513,1.0846,1.08503,2063
1.0851,1.0851,1.08465,1.08496,749
1.08502,1.08572,1.08486,1.08539,1950
1.0854,1.08601,1.0851,1.08576,1792
1.08576,1.0859,1.085,1.08519,1750
1.08519,1.08527,1.08442,1.08446,1262
1.08446,1.08462,1.08395,1.0846,1160
1.0846,1.08469,1.08332,1.08347,1455
1.08349,1.08423,1.08317,1.08395,2103
1.08396,1.08498,1.08343,1.08442,4136
1.08442,1.0845,1.08026,1.08036,6887
1.08033,1.08345,1.08017,1.08296,5425
1.08295,1.08315,1.08203,1.0823,4065
1.08228,1.08382,1.08215,1.08359,3700
1.08362,1.08388,1.08256,1.08262,3964
1.08261,1.08634,1.08261,1.08512,9388
1.08513,1.08646,1.08432,1.08479,8149
1.08474,1.08626,1.08336,1.08597,10267
1.08597,1.08678,1.08533,1.08571,7095
1.0857,1.08664,1.08508,1.08652,3539
1.08653,1.0875,1.08647,1.08724,2387
1.08725,1.08741,1.08631,1.08642,2411
1.08643,1.08731,1.08599,1.08721,3085
1.08723,1.08727,1.08607,1.08614,2052
1.08607,1.08639,1.08577,1.08606,369
1.08606,1.08654,1.08591,1.08604,922
1.08607,1.08642,1.08585,1.08624,1378
1.08624,1.08637,1.08571,1.08573,1732
1.08573,1.08573,1.08523,1.08538,1264
1.0854,1.08628,1.08525,1.08628,867
1.08627,1.08689,1.08626,1.08658,866
1.08657,1.08749,1.08654,1.08717,790
1.08717,1.08769,1.08658,1.08697,1448
1.08697,1.08838,1.08667,1.08802,4274
1.08802,1.08886,1.08697,1.08875,5108
1.08876,1.08886,1.08786,1.08833,3924
1.08825,1.08939,1.08792,1.08922,3755
1.08923,1.08969,1.08886,1.08926,3173
1.08926,1.08979,1.08881,1.08914,2993
1.08917,1.091,1.08882,1.09042,6057
1.09041,1.09109,1.09011,1.0904,5194
1.09046,1.09247,1.08896,1.09197,9919
1.09197,1.09241,1.09143,1.09166,4660
1.09166,1.09192,1.09048,1.09079,3565
1.0908,1.09209,1.09062,1.09162,3558
1.09057,1.0987,1.08885,1.09779,20733
1.09781,1.10014,1.09695,1.09883,12594
1.09882,1.09907,1.09833,1.09886,2484
1.0987,1.09894,1.0984,1.09865,1010
1.09865,1.10329,1.0985,1.10127,3868
1.10127,1.10267,1.10104,1.10188,2827
1.1019,1.10212,1.10064,1.10134,2995
1.10131,1.10213,1.1012,1.10188,2589
1.10188,1.10207,1.10147,1.10176,1646
1.10173,1.10255,1.10158,1.10198,1430
1.10197,1.1025,1.10192,1.10202,2135
1.10201,1.10218,1.10045,1.10052,2523
1.10057,1.10148,1.09913,1.09936,4655
1.09936,1.10106,1.09915,1.10052,5618
1.10052,1.10063,1.09888,1.09987,5151
1.09987,1.10004,1.09806,1.0983,4426
1.0983,1.10023,1.09822,1.09993,3816
1.09993,1.10043,1.09825,1.09842,9389
1.09842,1.10039,1.09438,1.09452,11970
1.09452,1.09665,1.09048,1.09052,14418
1.09051,1.09398,1.08853,1.09369,10831
1.09366,1.0949,1.09072,1.0917,6637
1.09171,1.09269,1.09057,1.09084,5170
1.09089,1.09229,1.09079,1.09193,3704
1.09193,1.09225,1.09053,1.0908,5647
1.09081,1.09151,1.09055,1.09139,5680
1.09139,1.09163,1.09081,1.09099,4179
1.09081,1.09092,1.09058,1.09072,411
1.09072,1.09115,1.09042,1.09047,1028
1.09047,1.09052,1.08923,1.08974,2532
1.08968,1.08996,1.08912,1.08937,2125
1.08937,1.0896,1.08879,1.08896,2075
1.08896,1.08959,1.08894,1.08939,1280
1.08939,1.08947,1.08872,1.08931,1280
1.08931,1.08985,1.089,1.08937,1666
1.08938,1.08999,1.08915,1.08984,1929
1.08977,1.0906,1.0882,1.08995,5192
1.08995,1.09075,1.08848,1.09035,5441
1.09036,1.0931,1.08936,1.09301,5266
1.09299,1.09368,1.09251,1.09351,4248
1.09353,1.09371,1.09247,1.09292,3698
1.09292,1.09371,1.0926,1.09328,3709
1.09318,1.09402,1.08265,1.08399,14065
1.08398,1.08717,1.08327,1.08635,13245
1.08618,1.08762,1.08094,1.08584,16077
1.08584,1.08617,1.08235,1.08252,9245
1.08251,1.08369,1.08222,1.08247,5555
1.08247,1.08249,1.08054,1.08119,5499
1.08118,1.08146,1.08019,1.08047,4719
1.08046,1.08048,1.07932,1.07934,4163
1.07939,1.08007,1.07923,1.07932,1769
1.07854,1.07934,1.07839,1.07904,470
1.07905,1.07978,1.07848,1.07895,4245
1.07894,1.07949,1.07814,1.07887,3759
1.07885,1.07941,1.07843,1.07851,3125
1.07851,1.07982,1.07822,1.07906,3499
1.07906,1.07982,1.07892,1.07902,2431
1.07902,1.07989,1.07887,1.07963,2277
1.07962,1.07981,1.07901,1.07968,1885
1.07968,1.0798,1.07865,1.07873,2231
1.07873,1.07965,1.078,1.078,4573
1.078,1.07954,1.07748,1.07853,6428
1.07853,1.07883,1.07652,1.07667,5894
1.07667,1.07776,1.07599,1.0766,5200
1.07659,1.07674,1.07568,1.07662,3679
1.07662,1.07832,1.07657,1.07732,3859
1.0773,1.07779,1.07572,1.07581,6297
1.07581,1.07662,1.07391,1.07445,8354
1.07447,1.07479,1.07221,1.07301,8503
1.07303,1.07394,1.07174,1.07213,6377
1.07213,1.0722,1.07095,1.07132,4390
1.07132,1.07267,1.07103,1.07264,3269
1.07263,1.07373,1.07235,1.07247,3579
1.07247,1.0731,1.07185,1.07298,3706
1.07295,1.07303,1.07236,1.07249,1005
1.07242,1.07277,1.07203,1.07258,2345
1.07259,1.07292,1.07232,1.07291,1115
1.0729,1.07363,1.07282,1.07362,1608
1.07365,1.07425,1.07336,1.07412,2441
1.07412,1.07416,1.07361,1.0741,2063
1.07411,1.07427,1.07359,1.07383,2928
1.07382,1.07383,1.07286,1.07328,2029
1.0733,1.07418,1.07307,1.07404,2294
1.07404,1.07438,1.07352,1.07393,2508
1.07392,1.07398,1.07231,1.07242,5148
1.07242,1.07261,1.06971,1.07192,8518
1.07191,1.0735,1.07107,1.0711,6238
1.07109,1.07227,1.07068,1.07137,4859
1.07136,1.07181,1.06982,1.07051,5283
1.0705,1.07124,1.07018,1.07055,4769
1.07053,1.07065,1.06859,1.06954,6314
1.06954,1.06995,1.06798,1.06824,7076
1.06824,1.06967,1.06692,1.06928,8279
1.06928,1.07122,1.06886,1.07049,6994
1.07049,1.07664,1.069,1.07603,11388
1.07603,1.07628,1.06874,1.07021,17215
1.0702,1.07286,1.07014,1.07195,9592
1.07195,1.07294,1.07084,1.07251,4678
1.07249,1.07298,1.07216,1.07267,1504
1.07233,1.07296,1.07203,1.07295,440
1.07295,1.07308,1.07252,1.07301,1004
1.07304,1.07341,1.07268,1.07321,1864
1.07318,1.0735,1.0723,1.07264,2244
1.07264,1.07331,1.07238,1.07328,1835
1.07328,1.07348,1.07303,1.07324,1533
1.07323,1.07348,1.07306,1.07335,1114
1.07333,1.07349,1.07273,1.07337,1084
1.07337,1.07396,1.07272,1.07272,2148
1.07272,1.07598,1.0724,1.07587,4641
1.07588,1.07589,1.07411,1.07523,6657
1.07524,1.07609,1.07502,1.07553,5111
1.07553,1.07558,1.0743,1.07465,3702
1.07465,1.07476,1.0733,1.07351,3344
1.0735,1.07493,1.07337,1.07338,4090
1.07338,1.07378,1.07258,1.07317,5500
1.07317,1.07433,1.07181,1.07251,8243
1.07251,1.0728,1.07137,1.07253,8857
1.07253,1.07364,1.07187,1.07336,6441
1.07336,1.07402,1.07259,1.07285,4607
1.07286,1.07392,1.07244,1.0734,5281
1.07341,1.07342,1.07209,1.07231,3816
1.07231,1.07246,1.07094,1.07138,3575
1.07138,1.07154,1.07113,1.07129,1100
1.07095,1.07164,1.07083,1.07124,3984
1.07121,1.07169,1.07094,1.07151,1138
1.07151,1.0719,1.07146,1.07159,1891
1.07159,1.0726,1.07093,1.07247,2699
1.07247,1.07328,1.07237,1.07307,1747
1.07308,1.07326,1.07254,1.07296,1585
1.07296,1.07326,1.07283,1.07321,1273
1.07321,1.07383,1.07268,1.07357,2505
1.07357,1.07449,1.07336,1.07398,2819
1.07398,1.07402,1.07241,1.0733,5189
1.0733,1.07596,1.07326,1.07529,6341
1.0753,1.0769,1.07511,1.07638,4860
1.07638,1.07785,1.07592,1.07775,4597
1.07776,1.07777,1.07587,1.07632,3759
1.07632,1.07723,1.07592,1.07695,3557
1.07694,1.07902,1.07628,1.07899,6372
1.07899,1.07908,1.07781,1.07801,6461
1.07802,1.07895,1.07616,1.07628,7137
1.07629,1.07634,1.07441,1.07609,5855
1.07604,1.07615,1.07391,1.07487,3659
1.07487,1.07488,1.07378,1.07413,4737
1.07413,1.07457,1.07332,1.07372,4707
1.07373,1.07395,1.07317,1.07336,2864
1.07336,1.074,1.07329,1.07386,945
1.07361,1.0742,1.07334,1.07401,1290
1.07402,1.0742,1.07379,1.0739,847
1.07391,1.07394,1.07257,1.07346,2056
1.07346,1.07386,1.07281,1.07336,2399
1.07329,1.07343,1.07243,1.07251,1893
1.07251,1.07261,1.07175,1.07208,2218
1.07208,1.07242,1.07173,1.07185,1854
1.07185,1.07268,1.07182,1.0726,2253
1.0726,1.07292,1.0722,1.07231,2377
1.07231,1.07448,1.07192,1.07412,8080
1.07412,1.07529,1.07267,1.07423,8214
1.07423,1.07449,1.07042,1.07068,7939
1.07067,1.07114,1.06917,1.0709,5147
1.07087,1.07112,1.06937,1.06986,3721
1.06986,1.07007,1.06813,1.06832,4134
1.06832,1.06994,1.06816,1.0696,6453
1.06959,1.07069,1.06862,1.06977,6842
1.06978,1.07067,1.06746,1.06769,9805
1.06771,1.0687,1.06682,1.06688,5712
1.06688,1.06742,1.06664,1.06684,3571
1.06684,1.06769,1.06677,1.06714,1994
1.06714,1.06754,1.06683,1.06733,2355
1.06736,1.06808,1.06733,1.06789,2008
1.09022,1.09173,1.09012,1.09069,4191
1.09069,1.09102,1.08934,1.08995,3690
1.08994,1.09102,1.08924,1.09087,2684
1.09088,1.09088,1.08979,1.09,2365
1.09,1.09168,1.08998,1.09153,2022
1.09152,1.0919,1.08897,1.08922,5520
1.08922,1.08999,1.0886,1.08968,4849
1.08968,1.09239,1.08927,1.09232,5364
1.09232,1.09284,1.09196,1.09261,3482
1.09261,1.09377,1.09261,1.09343,1868
1.09343,1.09362,1.09293,1.09339,1406
1.09339,1.0935,1.09295,1.09312,1307
1.09313,1.09313,1.09215,1.09232,1134
1.09229,1.09234,1.09163,1.09192,701
1.09185,1.09205,1.09166,1.09172,237
1.0918,1.09197,1.09152,1.09168,877
1.09168,1.09206,1.09159,1.09194,550
1.09194,1.0924,1.09141,1.09155,940
1.09155,1.09199,1.09146,1.09177,901
1.09178,1.09216,1.09171,1.09204,632
1.09204,1.09211,1.09187,1.09196,645
1.09195,1.09208,1.09147,1.09148,559
1.09149,1.0919,1.09146,1.09172,606
1.09172,1.09194,1.09115,1.09182,1091
1.09183,1.09197,1.09141,1.09155,857
1.09155,1.09178,1.09132,1.09156,646
1.09156,1.09159,1.09114,1.09137,856
1.09136,1.09218,1.09105,1.09217,711
1.09217,1.09217,1.09141,1.09175,765
1.09175,1.09177,1.08757,1.09036,5078
1.09035,1.09081,1.08934,1.08985,2268
1.08989,1.0915,1.08987,1.09149,1591
1.0915,1.09156,1.09057,1.09121,935
1.0912,1.0913,1.09088,1.091,792
1.09094,1.09104,1.09079,1.09081,396
1.09082,1.09096,1.09031,1.09074,1044
1.09075,1.09082,1.09002,1.09042,419
1.09057,1.09096,1.08973,1.08984,279
1.09002,1.09032,1.08964,1.08995,199
1.08994,1.09114,1.08994,1.09092,1216
1.09094,1.09135,1.09063,1.0913,960
1.09134,1.09147,1.09034,1.09034,2312
1.09035,1.09068,1.08974,1.09005,1990
1.09005,1.09029,1.08983,1.08985,1351
1.08985,1.09016,1.08967,1.08991,946
1.08991,1.09008,1.08947,1.08964,1252
1.08964,1.08998,1.0891,1.08994,1359
1.08995,1.09055,1.08954,1.0905,1312
1.09051,1.0917,1.09043,1.09168,1915
1.09168,1.09173,1.09088,1.0912,1278
1.0912,1.09167,1.09045,1.09061,1552
1.09062,1.09111,1.0905,1.09062,1248
1.09063,1.09084,1.08864,1.0889,2661
1.0889,1.08916,1.08471,1.0849,5847
1.08489,1.08574,1.08382,1.08383,4721
1.08384,1.08441,1.08313,1.08384,3376
1.08385,1.08478,1.08373,1.08392,2596
1.08392,1.08524,1.08381,1.08477,1257
1.0848,1.08573,1.0848,1.08558,1752
1.08561,1.08596,1.08538,1.08592,1476
1.08591,1.08632,1.08552,1.0863,1807
1.0863,1.08632,1.08593,1.08613,648
1.08601,1.0861,1.08565,1.08577,2761
1.08576,1.08654,1.08576,1.08645,823
1.08649,1.08701,1.08634,1.08687,625
1.08688,1.08789,1.08687,1.08776,1996
1.08777,1.0879,1.0867,1.08784,2761
1.08783,1.08854,1.08777,1.08826,2097
1.08825,1.08878,1.08796,1.08816,1653
1.08816,1.08859,1.0881,1.08826,1312
1.08825,1.08946,1.08825,1.08944,2337
1.08944,1.08976,1.0881,1.08842,3123
1.08843,1.09046,1.08834,1.08956,4575
1.08954,1.09103,1.08945,1.0907,3106
1.0907,1.092,1.09065,1.0913,3330
1.0913,1.09268,1.09085,1.09229,2970
1.09228,1.09242,1.0905,1.0905,3069
1.09048,1.09182,1.09022,1.09121,3619
1.09121,1.09243,1.09074,1.09214,4404
1.09215,1.09282,1.0911,1.09112,3868
1.09112,1.09162,1.09033,1.09047,2956
1.09048,1.09069,1.08974,1.08989,2069
1.08989,1.09108,1.08962,1.09105,1548
1.09106,1.09119,1.09041,1.09075,1302
1.09079,1.0917,1.09075,1.09142,1271
1.09142,1.09157,1.09121,1.09131,455
1.09099,1.09131,1.09078,1.09111,238
1.09111,1.09175,1.09111,1.09166,653
1.09166,1.09173,1.09144,1.0916,772
1.09165,1.09277,1.09147,1.09253,1508
1.09253,1.09288,1.09213,1.09261,2036
1.0926,1.09274,1.09169,1.0919,1873
1.0919,1.09255,1.09165,1.09243,1316
1.09242,1.09287,1.09225,1.09256,911
1.09256,1.09357,1.09253,1.09356,1064
1.09357,1.09373,1.09161,1.09268,2935
1.09267,1.09343,1.09195,1.09268,3668
1.09266,1.09303,1.0918,1.09238,2841
1.09235,1.09294,1.09207,1.0928,2121
1.0928,1.09361,1.09246,1.09248,2073
1.09248,1.09308,1.09211,1.09226,2291
1.09225,1.099,1.09197,1.0964,8622
1.09641,1.09881,1.09583,1.09744,7186
1.09748,1.1,1.09724,1.09761,7336
1.09761,1.09877,1.09701,1.09866,3833
1.09867,1.09965,1.09851,1.09963,2021
1.09962,1.09989,1.09926,1.09939,1661
1.09938,1.10004,1.09894,1.09949,2564
1.09948,1.09966,1.09867,1.09884,1798
1.0989,1.09915,1.09864,1.09914,536
1.09898,1.09907,1.09874,1.09906,143
1.09906,1.09951,1.09892,1.09948,714
1.09948,1.09995,1.09932,1.09965,826
1.09966,1.10051,1.09879,1.10021,1892
1.10022,1.10034,1.09942,1.09961,1836
1.0996,1.09983,1.09925,1.09928,1287
1.09928,1.09931,1.09838,1.09884,1237
1.09883,1.09935,1.09882,1.099,759
1.09898,1.09908,1.09832,1.09839,1042
1.09839,1.09915,1.09766,1.09813,2251
1.09813,1.10008,1.09811,1.09994,3708
1.09994,1.10252,1.09994,1.10148,4421
1.10148,1.10318,1.10107,1.10232,3125
1.10233,1.10268,1.10131,1.10142,2742
1.10141,1.10186,1.10084,1.10102,2526
1.10102,1.10537,1.10084,1.10489,7231
1.1049,1.10678,1.10434,1.10646,6465
1.10646,1.10659,1.10446,1.10471,5405
1.10472,1.10617,1.10462,1.1053,3305
1.1053,1.10571,1.10477,1.10557,2036
1.10559,1.10599,1.10504,1.10526,1864
1.10527,1.10529,1.1044,1.10485,1514
1.10485,1.10497,1.10444,1.10467,1279
1.10467,1.10488,1.10462,1.10473,603
1.1045,1.10474,1.10436,1.10448,243
1.10445,1.1049,1.10444,1.10478,564
1.10478,1.10517,1.10477,1.10517,672
1.10518,1.1059,1.10487,1.10545,2062
1.10545,1.10637,1.10531,1.10637,1533
1.10637,1.10752,1.10631,1.10703,1888
1.10703,1.10734,1.10663,1.10704,1523
1.10703,1.10728,1.10678,1.10691,1254
1.10692,1.10748,1.10621,1.10744,1971
1.10745,1.10759,1.10632,1.1067,2653
1.10665,1.10715,1.10596,1.10655,2878
1.10655,1.10662,1.10539,1.10591,2638
1.10591,1.10643,1.10555,1.10626,2289
1.10626,1.10668,1.10563,1.10587,2381
1.10587,1.10587,1.10478,1.1054,3057
1.1054,1.1074,1.10186,1.10347,9262
1.10342,1.10365,1.10186,1.10305,6539
1.10303,1.10303,1.09963,1.10062,9031
1.10063,1.10095,1.09752,1.09789,5481
1.09789,1.09853,1.09724,1.09778,3079
1.09778,1.09902,1.09754,1.09872,2418
1.09873,1.0999,1.09872,1.09989,1963
1.09989,1.09993,1.09922,1.09967,1550
1.09963,1.09976,1.0993,1.09946,807
1.09892,1.09943,1.09879,1.09913,239
1.09913,1.09936,1.09853,1.09869,1177
1.09869,1.09905,1.09833,1.09844,887
1.09844,1.09915,1.09727,1.09727,1562
1.09731,1.09759,1.09617,1.09712,2431
1.09712,1.0982,1.0971,1.09808,1965
1.09808,1.0981,1.09761,1.09763,1188
1.09763,1.09848,1.09758,1.09846,1145
1.09846,1.09947,1.09841,1.09889,1376
1.09887,1.09936,1.09835,1.09868,2804
1.09868,1.09998,1.09865,1.09921,3360
1.0992,1.09934,1.09642,1.0965,3786
1.0965,1.09849,1.09648,1.09806,3157
1.09808,1.0985,1.09725,1.09817,2481
1.09817,1.09844,1.09724,1.09769,2800
1.0977,1.09845,1.09516,1.09537,4920
1.09537,1.09571,1.09299,1.09322,6086
1.09322,1.0936,1.09093,1.09143,6316
1.09142,1.09241,1.09122,1.0914,4003
1.09143,1.09181,1.09106,1.09119,2394
1.09119,1.09257,1.09118,1.09239,1803
1.09238,1.09274,1.09192,1.09259,1392
1.09259,1.09313,1.09252,1.09311,1351
1.09307,1.09307,1.0926,1.09287,590
1.09227,1.09266,1.09227,1.09254,262
1.09254,1.09287,1.09235,1.09241,527
1.09241,1.09265,1.09237,1.09245,571
1.09245,1.09291,1.09223,1.09252,1478
1.09252,1.09345,1.09234,1.0933,2070
1.09336,1.09361,1.0928,1.09339,2106
1.09339,1.0939,1.0933,1.09357,1571
1.09357,1.09379,1.09339,1.0937,842
1.0937,1.09438,1.09344,1.09423,1179
1.09424,1.09526,1.09352,1.09492,3411
1.09487,1.09709,1.09469,1.09704,4149
1.09704,1.09829,1.09666,1.09812,3520
1.09812,1.0983,1.09705,1.09749,3281
1.09749,1.098,1.09691,1.09777,2347
1.09787,1.09787,1.09658,1.09664,3065
1.09663,1.09782,1.09546,1.09558,4386
1.09558,1.0965,1.0943,1.09578,5012
1.09579,1.09712,1.09533,1.09623,5404
1.09624,1.09665,1.09563,1.09573,3171
1.09574,1.09704,1.09547,1.09703,2022
1.09704,1.09713,1.09673,1.09684,1660
1.09684,1.09744,1.09674,1.09713,1564
1.09713,1.09749,1.09697,1.0971,1534
1.09707,1.09735,1.097,1.09723,597
1.09676,1.09714,1.09645,1.09706,1504
1.09707,1.09752,1.09704,1.09736,1346
1.09737,1.09766,1.09731,1.09749,733
1.09751,1.09829,1.09738,1.09827,1613
1.09826,1.0984,1.09684,1.09695,2056
1.09696,1.0974,1.09649,1.09739,1739
1.09739,1.09754,1.09699,1.09742,1012
1.09743,1.09746,1.09674,1.09686,762
1.09686,1.09704,1.09602,1.09611,1406
1.09608,1.09705,1.09465,1.09562,5597
1.09563,1.09725,1.09562,1.09627,4425
1.09628,1.09632,1.09486,1.09554,3987
1.09552,1.09633,1.09261,1.093,4635
1.09302,1.09418,1.09272,1.09338,2889
1.09338,1.09339,1.09174,1.09313,3473
1.09312,1.09498,1.09274,1.09498,3872
1.09498,1.09639,1.09474,1.09602,4452
1.09602,1.09794,1.09571,1.09573,4899
1.09574,1.09624,1.09512,1.09531,3284
1.09531,1.09668,1.09519,1.09657,2309
1.09658,1.09668,1.09543,1.09561,1914
1.09563,1.09606,1.09518,1.09527,1944
1.09527,1.0956,1.09518,1.0955,1297
1.09549,1.09571,1.09516,1.09558,624
1.09546,1.0958,1.0953,1.09556,703
1.09556,1.0957,1.09513,1.09528,549
1.09524,1.09531,1.0947,1.09516,664
1.09517,1.09591,1.09508,1.09567,1488
1.09566,1.09614,1.09495,1.09602,2083
1.09599,1.09608,1.09523,1.0954,1543
1.09539,1.09617,1.09531,1.09595,1194
1.09595,1.09598,1.09553,1.09592,1030
1.09592,1.09641,1.09553,1.0962,1189
1.0962,1.09733,1.09601,1.09671,3057
1.09671,1.09692,1.095,1.09613,4523
1.09613,1.09785,1.09562,1.09714,4281
1.09715,1.09733,1.09564,1.09618,3161
1.09617,1.09784,1.09576,1.09711,2538
1.09711,1.0975,1.09538,1.09549,2917
1.09549,1.0985,1.09335,1.09777,7370
1.09776,1.09818,1.09646,1.09726,5640
1.09726,1.09898,1.09712,1.09795,5496
1.09796,1.09807,1.09656,1.09695,3533
1.09696,1.09721,1.09634,1.09673,2385
1.09673,1.09708,1.09638,1.09703,1594
1.09703,1.09727,1.09587,1.0965,1935
1.0965,1.09656,1.09564,1.09635,2091
1.09635,1.097,1.09632,1.09698,747
1.09646,1.09707,1.09639,1.09682,392
1.09687,1.09718,1.09669,1.09683,622
1.09683,1.097,1.09658,1.09676,720
1.09676,1.09724,1.09618,1.09702,1335
1.09702,1.09732,1.09651,1.09652,1421
1.09652,1.09704,1.09633,1.09652,1400
1.09652,1.09666,1.09631,1.0964,892
1.09639,1.09639,1.09587,1.09605,706
1.09606,1.09613,1.09556,1.09608,1085
1.09605,1.09638,1.09379,1.09419,3407
1.09419,1.09578,1.09385,1.09565,4377
1.09563,1.09722,1.09525,1.09596,4068
1.09597,1.09622,1.09515,1.09548,2607
1.09548,1.09714,1.0949,1.09652,2235
1.09652,1.09857,1.09629,1.09815,3127
1.09816,1.09902,1.09735,1.09882,3265
1.09881,1.09938,1.09534,1.09558,6579
1.09557,1.09794,1.09426,1.09721,6370
1.09724,1.09798,1.09702,1.09721,3796
1.09722,1.09799,1.09693,1.09792,2680
1.09792,1.09811,1.09722,1.09807,1863
1.09807,1.09879,1.0975,1.09767,1454
1.09767,1.09903,1.09748,1.09903,1804
1.09902,1.09928,1.0985,1.09894,976
1.09888,1.09904,1.09866,1.09868,323
1.09868,1.09933,1.09864,1.09926,541
1.09926,1.09961,1.09913,1.09918,552
1.09918,1.09949,1.09842,1.09948,1394
1.09949,1.09949,1.09869,1.09874,1670
1.09873,1.09908,1.09803,1.09811,1652
1.09809,1.09848,1.09798,1.09816,1086
1.09813,1.09827,1.09796,1.09805,855
1.09805,1.09813,1.09726,1.09783,1381
1.09783,1.09866,1.09732,1.09749,2697
1.09749,1.09883,1.09659,1.09867,3360
1.09867,1.10095,1.09839,1.10086,3628
1.10086,1.10205,1.09995,1.10005,3489
1.10004,1.10172,1.09991,1.10165,2910
1.10165,1.10176,1.09991,1.10024,2510
1.10023,1.10251,1.09994,1.10232,3049
1.1023,1.10315,1.1013,1.1024,4434
1.10237,1.1037,1.10207,1.10294,4537
1.10294,1.10323,1.10206,1.1026,3228
1.1026,1.10342,1.10249,1.1034,1878
1.10341,1.10484,1.10336,1.10441,1730
1.10441,1.10501,1.1042,1.10466,1430
1.10466,1.1047,1.1042,1.10433,1084
1.10434,1.10452,1.10433,1.10446,545
1.10437,1.10479,1.1041,1.1046,1051
1.10459,1.10519,1.10456,1.10509,509
1.10512,1.10571,1.10494,1.1057,807
1.10577,1.10666,1.10533,1.10592,1560
1.10592,1.1067,1.10562,1.10569,1908
1.10569,1.1057,1.10518,1.10538,1828
1.10538,1.10569,1.10514,1.1053,1073
1.1053,1.10588,1.10508,1.10513,1065
1.10513,1.10544,1.10452,1.10492,1565
1.10492,1.10565,1.10464,1.10516,3101
1.10517,1.10517,1.10247,1.10329,5384
1.10328,1.10412,1.10254,1.10397,3334
1.10398,1.10441,1.10301,1.10305,2651
1.10307,1.1036,1.10197,1.10207,2268
1.10207,1.10238,1.10096,1.10169,2557
1.10169,1.10294,1.10141,1.10173,3668
1.10173,1.10188,1.09944,1.09988,4509
1.09987,1.10038,1.09752,1.09769,6523
1.09769,1.09875,1.09686,1.09687,3863
1.09687,1.09735,1.09653,1.09681,2592
1.09681,1.09728,1.09641,1.09687,2763
1.09688,1.09738,1.09648,1.09724,2517
1.09724,1.09763,1.09687,1.097,1713
1.09703,1.09755,1.09696,1.09746,839
1.09666,1.09752,1.09666,1.09737,765
1.09725,1.09801,1.09721,1.09782,1297
1.09781,1.09804,1.09728,1.09779,1031
1.09779,1.09801,1.09719,1.09782,1809
1.09783,1.09785,1.09683,1.09755,2298
1.09755,1.09789,1.09726,1.09772,1725
1.09772,1.09785,1.09737,1.09753,1133
1.09753,1.09819,1.09723,1.09813,1007
1.09813,1.09906,1.09799,1.09888,1694
1.09887,1.10117,1.09848,1.10068,2994
1.10067,1.1026,1.10042,1.10194,5189
1.10194,1.10431,1.1016,1.10419,4468
1.1042,1.10544,1.10369,1.10411,4363
1.10411,1.10627,1.10388,1.10451,3645
1.10451,1.10584,1.10313,1.10463,5792
1.10462,1.10575,1.10357,1.10538,5090
1.10538,1.10956,1.10482,1.10851,7378
1.10852,1.1086,1.10419,1.10434,6659
1.10434,1.10569,1.10364,1.10509,4747
1.10509,1.10528,1.1033,1.10411,3262
1.10411,1.10422,1.10348,1.10375,2263
1.10376,1.10398,1.10324,1.10391,2399
1.10388,1.1041,1.10325,1.10357,1899
1.10356,1.10417,1.10352,1.10416,843
1.10381,1.10413,1.10356,1.10401,675
1.10408,1.10442,1.10352,1.10398,987
1.10398,1.10464,1.10388,1.10452,756
1.10452,1.10475,1.10409,1.10458,1789
1.10456,1.10492,1.1039,1.10457,1868
1.1046,1.10537,1.10428,1.1053,1520
1.10529,1.10539,1.10457,1.10457,1160
1.10456,1.1055,1.10456,1.10507,1148
1.10507,1.10635,1.10499,1.10597,2054
1.10597,1.10617,1.10489,1.1056,3041
1.1056,1.10586,1.10401,1.10497,4375
1.10496,1.10594,1.10414,1.1053,3081
1.1053,1.10558,1.1034,1.1038,3001
1.1038,1.10477,1.10346,1.10448,2512
1.10448,1.10499,1.10308,1.10345,3352
1.10344,1.10575,1.10007,1.10131,7738
1.10134,1.10248,1.09922,1.101,7666
1.101,1.10233,1.10051,1.10107,5775
1.10106,1.10269,1.10061,1.10156,4166
1.10157,1.10204,1.10072,1.10087,2292
1.05063,1.0515,1.05063,1.05116,708
1.05118,1.05153,1.05016,1.05022,2203
1.05022,1.05045,1.04948,1.05017,3603
1.05019,1.05074,1.04945,1.04958,2834
1.04955,1.05047,1.04944,1.0504,2511
1.05037,1.05044,1.04948,1.0501,2161
1.05012,1.05061,1.04939,1.05037,2325
1.05034,1.05188,1.05023,1.05136,2936
1.05131,1.05308,1.05095,1.05261,5284
1.0526,1.05274,1.05124,1.05267,6002
1.05266,1.05269,1.04895,1.04948,4760
1.04948,1.05136,1.04909,1.05132,4627
1.05133,1.05143,1.04924,1.05084,3923
1.05084,1.05244,1.05064,1.05187,5079
1.05188,1.0532,1.05108,1.05204,7885
1.05205,1.05402,1.05172,1.0539,10971
1.0539,1.0549,1.05351,1.05452,8308
1.05452,1.05651,1.05343,1.05514,6943
1.05514,1.05564,1.05393,1.05442,4970
1.05442,1.05619,1.05383,1.0558,4627
1.0558,1.05637,1.05454,1.05602,5974
1.05599,1.0561,1.05531,1.05555,3881
1.05553,1.05591,1.05523,1.05523,1282
1.05536,1.05566,1.05516,1.05547,1877
1.05547,1.05631,1.05533,1.05556,1371
1.05552,1.05601,1.05518,1.05598,1147
1.05601,1.05854,1.05591,1.05788,4569
1.05793,1.05807,1.05661,1.05737,2572
1.05737,1.05841,1.05735,1.05803,3125
1.05806,1.05827,1.05757,1.05761,1756
1.05761,1.05868,1.05744,1.05769,1948
1.0577,1.05787,1.05709,1.05759,2471
1.05758,1.05881,1.05668,1.0568,6095
1.05681,1.05771,1.05609,1.05611,5563
1.05611,1.05663,1.05468,1.05573,5247
1.05576,1.05688,1.05527,1.05587,3761
1.05586,1.05646,1.05511,1.05538,4470
1.05538,1.05665,1.05503,1.05561,5013
1.05562,1.05664,1.05043,1.05387,11736
1.05393,1.05505,1.05251,1.05344,10940
1.05338,1.05582,1.05191,1.05408,12658
1.05408,1.05541,1.0535,1.05495,6577
1.05495,1.05504,1.05321,1.05457,4792
1.05456,1.05561,1.05398,1.05495,4121
1.05495,1.05523,1.05437,1.0547,3689
1.05469,1.05481,1.05303,1.05304,4219
1.05303,1.05336,1.05287,1.05334,1640
1.05275,1.05385,1.05275,1.05332,393
1.0532,1.0534,1.05183,1.05206,1200
1.05206,1.0523,1.05097,1.05134,2679
1.05135,1.05179,1.05058,1.05123,3774
1.05125,1.05203,1.05061,1.05131,2490
1.05133,1.05168,1.05118,1.0515,1708
1.05151,1.05198,1.05141,1.05163,1393
1.05162,1.05168,1.05082,1.05164,2316
1.05163,1.05279,1.05085,1.05227,3219
1.05227,1.05368,1.05146,1.05264,6225
1.05261,1.05514,1.05202,1.05452,6502
1.05453,1.05649,1.05445,1.05595,5910
1.05594,1.0567,1.05547,1.05647,3859
1.05646,1.05743,1.05591,1.05657,4467
1.05657,1.05744,1.05535,1.05556,4485
1.05557,1.05777,1.05535,1.05717,5195
1.05717,1.05768,1.05497,1.05557,7752
1.05559,1.05803,1.05204,1.05238,9389
1.05238,1.05498,1.05176,1.05443,7225
1.05443,1.05487,1.05288,1.05343,4158
1.05343,1.05356,1.0516,1.05224,5543
1.05224,1.05263,1.05108,1.05222,3521
1.05222,1.05381,1.05209,1.0536,3983
1.0536,1.05387,1.05334,1.05378,1270
1.05351,1.05356,1.05288,1.05351,439
1.05356,1.05422,1.05331,1.05409,770
1.05409,1.05478,1.05372,1.05446,2008
1.05448,1.05494,1.05401,1.05465,3355
1.05464,1.05542,1.0545,1.05465,2453
1.05465,1.05482,1.05333,1.05345,2744
1.05348,1.05415,1.05311,1.05413,1927
1.05412,1.05518,1.05362,1.05509,2582
1.05516,1.05549,1.05456,1.05468,3026
1.05472,1.05606,1.05462,1.05515,5314
1.05515,1.05607,1.05315,1.05477,6566
1.05475,1.05475,1.05312,1.05431,5461
1.05431,1.05433,1.0528,1.05355,4474
1.05355,1.05461,1.05332,1.05357,3866
1.05358,1.05525,1.05328,1.05485,5097
1.05484,1.06616,1.054,1.06465,15667
1.06472,1.06734,1.06312,1.0645,16509
1.06453,1.06506,1.06207,1.06364,15267
1.06365,1.06589,1.06247,1.06296,10378
1.06297,1.06383,1.06107,1.06146,10109
1.06146,1.0628,1.06104,1.06203,7885
1.06204,1.06412,1.06181,1.06362,5964
1.06362,1.06384,1.06255,1.0627,6146
1.06271,1.06332,1.0627,1.06319,1920
1.06319,1.06334,1.06253,1.06322,1612
1.06315,1.06359,1.06203,1.06241,2095
1.06241,1.06384,1.0623,1.0636,3388
1.06362,1.06391,1.06308,1.06347,4025
1.06345,1.06386,1.06265,1.06278,2669
1.06279,1.0629,1.0624,1.06262,1361
1.06262,1.06268,1.06199,1.0624,1143
1.06241,1.06305,1.06235,1.06261,1574
1.06261,1.06406,1.06259,1.06374,3895
1.06374,1.06423,1.062,1.06299,6304
1.06298,1.06447,1.0619,1.06422,7524
1.06423,1.0665,1.0639,1.06622,6879
1.06623,1.06722,1.06534,1.06698,7053
1.06698,1.06711,1.06451,1.06518,5596
1.06519,1.06521,1.06385,1.06454,5415
1.06455,1.06534,1.06363,1.06467,7056
1.06466,1.0651,1.06317,1.06427,8759
1.06428,1.06617,1.06411,1.06467,8320
1.06469,1.06612,1.06418,1.06542,7253
1.06541,1.06676,1.06495,1.06514,5712
1.06514,1.06848,1.06505,1.06793,5576
1.06422,1.06781,1.06204,1.06637,23507
1.06637,1.06951,1.06617,1.06794,15798
1.06795,1.06869,1.06762,1.06819,1925
1.06811,1.06823,1.06788,1.06801,299
1.06795,1.06804,1.06714,1.06755,2145
1.06756,1.06827,1.06666,1.06792,2097
1.06792,1.06803,1.06599,1.06621,2978
1.06622,1.0665,1.06544,1.06582,2264
1.06582,1.06599,1.06538,1.06546,1696
1.06547,1.06551,1.06466,1.06477,1834
1.06477,1.06593,1.06457,1.06583,2445
1.06583,1.06609,1.06534,1.06548,2750
1.06546,1.06566,1.064,1.06411,4919
1.06412,1.06468,1.06204,1.06217,8672
1.06217,1.0623,1.06057,1.06219,7450
1.06219,1.06277,1.06158,1.06159,5537
1.06159,1.06245,1.06068,1.0624,5201
1.06244,1.0628,1.0614,1.06229,6551
1.0623,1.0668,1.06141,1.06526,11905
1.06525,1.07363,1.06484,1.06991,17261
1.06991,1.07046,1.06231,1.06485,15076
1.06485,1.06566,1.06285,1.06369,9265
1.06375,1.06386,1.05929,1.05991,8138
1.05999,1.06239,1.05922,1.06224,4930
1.06224,1.06372,1.06193,1.0631,4237
1.06309,1.06384,1.06214,1.06252,3887
1.06252,1.06276,1.06199,1.06259,1393
1.06236,1.06289,1.06202,1.06276,560
1.06276,1.06387,1.06243,1.06383,1150
1.06383,1.0643,1.06343,1.06407,2208
1.06406,1.06471,1.06386,1.06417,4019
1.06418,1.06625,1.06409,1.0651,3782
1.06508,1.06534,1.06454,1.06478,2153
1.06478,1.06516,1.06437,1.06462,1511
1.06462,1.0648,1.06407,1.06457,2111
1.06454,1.06606,1.06424,1.06562,2821
1.06559,1.06631,1.06307,1.06312,6121
1.06313,1.06608,1.06254,1.06555,6830
1.06555,1.06576,1.061,1.06113,6261
1.06112,1.06287,1.06092,1.06238,5626
1.06236,1.06397,1.06203,1.06353,4906
1.06353,1.06382,1.06172,1.06217,4564
1.06217,1.06361,1.06135,1.06342,5711
1.06344,1.06489,1.06169,1.06436,12018
1.06436,1.06437,1.06081,1.06167,11896
1.06172,1.06248,1.05976,1.06093,8847
1.06093,1.06193,1.06041,1.06052,6299
1.06052,1.06174,1.06032,1.06151,3615
1.06151,1.06155,1.05954,1.05995,2258
1.05995,1.06063,1.05917,1.05925,4117
1.05922,1.05959,1.05849,1.05891,1766
1.05845,1.05982,1.05845,1.05924,1131
1.05918,1.05941,1.05819,1.05839,1425
1.0584,1.05996,1.05818,1.05991,3542
1.05993,1.06065,1.05962,1.06064,2880
1.06064,1.06129,1.06017,1.06087,3404
1.06085,1.06102,1.06018,1.06083,1815
1.06084,1.0611,1.06053,1.06062,1662
1.06062,1.06081,1.06012,1.06076,1404
1.06076,1.06343,1.06037,1.06292,3439
1.06292,1.0638,1.06214,1.06241,4748
1.06244,1.0648,1.06238,1.0642,6184
1.06419,1.0658,1.06163,1.06169,7558
1.06177,1.06352,1.06129,1.06193,6638
1.06194,1.06196,1.06043,1.06062,5591
1.06062,1.06154,1.06032,1.06063,6109
1.06062,1.06104,1.05972,1.06061,6728
1.06061,1.06134,1.05989,1.06032,7618
1.06033,1.06157,1.05756,1.05797,8321
1.05798,1.06287,1.05797,1.06232,7665
1.06232,1.06311,1.06185,1.0625,5804
1.06251,1.06264,1.06128,1.06141,4522
1.0614,1.06145,1.0601,1.06044,5196
1.06046,1.06095,1.06006,1.06046,4544
1.06041,1.06081,1.0603,1.06064,1192
1.06031,1.06071,1.06023,1.06067,1023
1.06067,1.06129,1.06038,1.06121,2021
1.06121,1.06124,1.05979,1.05999,1931
1.05999,1.06074,1.05974,1.06053,2677
1.06053,1.06152,1.0603,1.06142,2379
1.06142,1.06515,1.06018,1.06079,15319
1.0608,1.06156,1.06034,1.06073,5982
1.06071,1.0612,1.05788,1.05863,4241
1.05862,1.06015,1.0583,1.05938,7674
1.05937,1.06153,1.05918,1.06113,11179
1.0611,1.06344,1.06036,1.06335,11749
1.06334,1.06381,1.06245,1.06372,9156
1.06368,1.06399,1.06247,1.06286,7244
1.06286,1.06461,1.06207,1.06427,5535
1.0643,1.06439,1.06103,1.06136,6296
1.06135,1.06171,1.05939,1.06157,7026
1.06155,1.06361,1.05985,1.06356,11048
1.06356,1.06587,1.06283,1.06401,12304
1.06401,1.06421,1.06136,1.06353,9177
1.06353,1.06381,1.06102,1.06151,6596
1.0615,1.06174,1.06058,1.06061,3970
1.06061,1.06231,1.05994,1.06217,4020
1.06216,1.06256,1.06138,1.06153,4136
1.06153,1.06293,1.06145,1.06218,2212
1.06232,1.06268,1.06177,1.06226,368
1.06231,1.06279,1.06221,1.06248,1528
1.06248,1.06264,1.06174,1.06204,2836
1.06205,1.06253,1.06133,1.06198,4478
1.06197,1.06258,1.06135,1.0614,2093
1.06139,1.0617,1.06127,1.06165,1346
1.06165,1.0617,1.06067,1.06082,1783
1.0608,1.06178,1.06075,1.06176,1957
1.06176,1.06177,1.06097,1.06137,1972
1.0614,1.06347,1.06107,1.06317,4986
1.06317,1.06375,1.06167,1.06344,6522
1.06345,1.06366,1.06127,1.06144,6177
1.06144,1.06288,1.0613,1.06192,4994
1.06188,1.06211,1.06047,1.06058,5303
1.06059,1.06317,1.06045,1.06305,5299
1.06303,1.06451,1.06241,1.06286,6751
1.06285,1.06285,1.06023,1.06038,8733
1.06038,1.06337,1.05959,1.06154,9832
1.06157,1.0616,1.05953,1.05978,6560
1.05979,1.06057,1.05904,1.06007,5131
1.06007,1.0612,1.05932,1.06095,4729
1.06097,1.06202,1.0609,1.06145,4417
1.06145,1.06167,1.06081,1.06111,4014
1.0611,1.06127,1.0603,1.0604,1336
1.06028,1.06071,1.06028,1.06047,393
1.06048,1.06112,1.06041,1.06075,872
1.06075,1.06185,1.06054,1.06179,2030
1.06181,1.06299,1.06133,1.06295,3395
1.06295,1.06334,1.06254,1.06285,2417
1.06285,1.06443,1.06284,1.06433,2369
1.06435,1.06461,1.06352,1.06443,1779
1.06443,1.06485,1.06384,1.06401,1946
1.064,1.06495,1.06399,1.06444,2115
1.06445,1.06472,1.06351,1.06393,3908
1.06386,1.06595,1.06261,1.06363,6622
1.06363,1.06522,1.06289,1.06464,5352
1.06464,1.06564,1.06276,1.0628,5501
1.06285,1.06298,1.06137,1.06154,4574
1.06152,1.0639,1.06139,1.06366,4959
1.06369,1.06376,1.06034,1.06111,8691
1.0611,1.06186,1.05859,1.06083,11050
1.06084,1.06113,1.059,1.06021,10924
1.06017,1.06061,1.05834,1.05872,5584
1.05872,1.05891,1.05822,1.05845,2882
1.05841,1.05884,1.05767,1.05795,4267
1.05795,1.05969,1.05733,1.05929,5314
1.05926,1.06033,1.05883,1.05979,5561
1.05979,1.06001,1.0591,1.05971,1594
1.05948,1.0598,1.0592,1.0596,295
1.0596,1.06026,1.0596,1.06006,1383
1.06005,1.06041,1.05887,1.05889,1968
1.05891,1.06031,1.05865,1.06015,3798
1.06016,1.06124,1.06016,1.06081,3224
1.06082,1.06113,1.06059,1.06074,1839
1.06077,1.06102,1.06041,1.06056,1433
1.06059,1.06097,1.06027,1.06035,1641
1.06034,1.06113,1.06018,1.06069,2136
1.06066,1.06308,1.06057,1.06282,4409
1.06282,1.06282,1.0599,1.06046,5089
1.06046,1.06114,1.05962,1.06098,4027
1.06098,1.06229,1.06073,1.06196,3972
1.06196,1.06267,1.06099,1.06139,3470
1.06138,1.06241,1.06051,1.06212,3521
1.06213,1.0633,1.05945,1.06081,10676
1.06078,1.06195,1.0592,1.06099,12759
1.06124,1.06322,1.06067,1.06137,12907
1.06137,1.06255,1.06096,1.06207,7765
1.06207,1.063,1.0619,1.06201,4578
1.06201,1.06218,1.06061,1.06095,3776
1.06328,1.06366,1.06321,1.06352,385
1.06356,1.0636,1.06325,1.06342,398
1.06344,1.06457,1.06277,1.06395,1196
1.06395,1.06455,1.06345,1.06425,1763
1.0643,1.0653,1.06408,1.06519,1649
1.06517,1.06604,1.06431,1.06471,1579
1.06474,1.06474,1.06351,1.06395,1093
1.06395,1.06455,1.06385,1.06451,804
1.0645,1.0657,1.06427,1.06553,1078
1.06556,1.06648,1.06531,1.06639,1653
1.06641,1.06676,1.06432,1.06451,2450
1.06452,1.0658,1.06382,1.06517,3565
1.06517,1.06641,1.0648,1.06604,2859
1.06607,1.06696,1.06515,1.06657,2777
1.06657,1.06691,1.06527,1.06546,2323
1.06545,1.06574,1.06318,1.06349,2806
1.06351,1.0637,1.06192,1.06275,5888
1.06275,1.06296,1.06116,1.06258,5068
1.06259,1.06545,1.06241,1.06499,6383
1.06498,1.06605,1.06461,1.06529,4484
1.06528,1.06532,1.06335,1.06371,3316
1.06371,1.06515,1.06356,1.06488,2570
1.06488,1.06564,1.06377,1.06415,3240
1.06415,1.06469,1.06383,1.06414,3190
1.06413,1.06414,1.06354,1.0639,1183
1.06389,1.06423,1.06375,1.06383,192
1.06383,1.06396,1.06302,1.06363,1099
1.06365,1.06424,1.06243,1.06278,2757
1.0628,1.06425,1.06267,1.0642,2587
1.06421,1.06421,1.06352,1.06362,2206
1.06362,1.06422,1.06318,1.06373,2125
1.06374,1.06443,1.0636,1.06417,1619
1.06417,1.06471,1.06403,1.06459,1826
1.06462,1.06522,1.06443,1.06461,2461
1.06462,1.06546,1.06437,1.06457,3559
1.06455,1.06482,1.06343,1.06362,5065
1.06362,1.06398,1.06278,1.06371,3768
1.06371,1.06432,1.06293,1.06339,3363
1.0634,1.06524,1.06316,1.06466,4204
1.06468,1.06578,1.06366,1.06462,4917
1.06462,1.065,1.06337,1.06418,4769
1.06418,1.06744,1.06394,1.06575,7177
1.06577,1.06622,1.06115,1.06188,9886
1.0619,1.06275,1.06128,1.06213,5652
1.06214,1.0633,1.06162,1.06291,3935
1.06291,1.06358,1.06197,1.062,3538
1.062,1.06275,1.06146,1.06173,3432
1.06169,1.06179,1.06078,1.0608,3213
1.06081,1.06126,1.06063,1.06115,970
1.06091,1.06157,1.06089,1.06156,518
1.06156,1.06289,1.06135,1.06286,1851
1.06283,1.06373,1.0623,1.06342,1589
1.06342,1.06342,1.06269,1.06281,2807
1.06277,1.06326,1.06255,1.06257,1375
1.06257,1.06277,1.06198,1.06231,1240
1.0623,1.06257,1.0619,1.06251,1136
1.06251,1.06287,1.06211,1.06247,1458
1.06251,1.06269,1.0611,1.06143,1905
1.06136,1.0625,1.06119,1.06235,2689
1.06234,1.0643,1.06224,1.06303,4675
1.06303,1.06583,1.06303,1.06564,4105
1.06564,1.06566,1.06315,1.06362,4549
1.06362,1.06409,1.06325,1.06381,3255
1.06382,1.06534,1.06366,1.06525,3738
1.06525,1.06673,1.0645,1.06549,7200
1.06552,1.06701,1.06386,1.06448,9931
1.06448,1.06698,1.06362,1.0667,9760
1.06672,1.06709,1.06567,1.06663,6440
1.06666,1.06904,1.06648,1.06818,5231
1.06819,1.06836,1.06711,1.0675,5147
1.06749,1.06793,1.06735,1.06782,4238
1.06781,1.06781,1.06658,1.06681,3380
1.06681,1.06715,1.06598,1.0661,1140
1.06607,1.06645,1.0658,1.06598,325
1.06598,1.06617,1.06541,1.06604,1104
1.06606,1.06684,1.06589,1.06683,1935
1.0668,1.06695,1.06569,1.06603,2792
1.06603,1.06603,1.06547,1.06582,1723
1.06582,1.06632,1.06569,1.0659,1140
1.06585,1.06592,1.06516,1.06549,1076
1.0655,1.06579,1.0642,1.06433,2212
1.06432,1.06503,1.06404,1.06444,3116
1.06444,1.06511,1.06386,1.06508,3597
1.06509,1.06747,1.06499,1.06708,6353
1.06707,1.06715,1.06512,1.06546,5378
1.06548,1.06763,1.06533,1.06696,4485
1.06696,1.06987,1.06696,1.06761,5306
1.06761,1.06881,1.06712,1.06722,5569
1.06722,1.06804,1.0645,1.06684,7278
1.06685,1.07012,1.06614,1.06886,11073
1.06885,1.06898,1.06593,1.06723,12706
1.06723,1.06972,1.06707,1.06966,7958
1.06966,1.07115,1.06962,1.07105,6759
1.07112,1.07133,1.07004,1.07023,8629
1.07017,1.07017,1.06909,1.06967,339
1.06971,1.06989,1.06754,1.06935,554
1.06916,1.0692,1.06636,1.06791,823
1.06791,1.0698,1.06713,1.06788,2164
1.06789,1.07005,1.06769,1.06784,2189
1.06788,1.06898,1.06749,1.06836,781
1.06836,1.06866,1.06804,1.06846,602
1.06845,1.06871,1.06783,1.0682,885
1.06821,1.06863,1.06777,1.06788,956
1.06787,1.06819,1.06703,1.06725,1103
1.06724,1.0674,1.06585,1.06603,1669
1.06602,1.06696,1.0651,1.06554,1510
1.06549,1.06621,1.06544,1.06607,743
1.06604,1.06611,1.06522,1.06526,699
1.06525,1.06577,1.06499,1.06574,490
1.06575,1.06685,1.06562,1.0667,640
1.06651,1.06727,1.0658,1.06665,501
1.06642,1.06652,1.06628,1.06648,188
1.06655,1.0683,1.06493,1.06762,3072
1.06762,1.06781,1.06665,1.06706,2528
1.06705,1.06742,1.06503,1.06597,4863
1.06596,1.06778,1.06575,1.06766,3830
1.06765,1.06784,1.06687,1.06724,2858
1.06724,1.06802,1.06668,1.0667,2028
1.0667,1.06709,1.06588,1.06637,3327
1.06637,1.06677,1.06516,1.06522,4215
1.06523,1.06588,1.06198,1.06238,6988
1.06234,1.06284,1.05505,1.0552,13029
1.0552,1.05611,1.05339,1.05476,9896
1.05479,1.05551,1.05252,1.05311,7183
1.05312,1.0536,1.05196,1.05285,6123
1.05284,1.05492,1.0524,1.05357,6214
1.05356,1.057,1.05305,1.05604,8524
1.05604,1.05974,1.05554,1.05743,10224
1.05747,1.05822,1.05543,1.05555,11969
1.05554,1.0559,1.05372,1.05581,9358
1.05582,1.05593,1.05403,1.05461,5670
1.05463,1.05609,1.05433,1.05567,4387
1.05567,1.05686,1.05552,1.05665,5400
1.05668,1.05689,1.05505,1.05516,5419
1.05517,1.0554,1.05459,1.0547,1885
1.05465,1.05471,1.05428,1.05462,3698
1.05462,1.05539,1.05402,1.05455,3384
1.05455,1.05612,1.05453,1.05579,2373
1.05583,1.05691,1.05569,1.05667,2970
1.05667,1.05694,1.05612,1.05646,2242
1.0565,1.05698,1.05646,1.05686,1619
1.05687,1.05743,1.05656,1.05729,1970
1.05725,1.05784,1.05647,1.05693,3031
1.05693,1.0575,1.05594,1.05701,2577
1.05692,1.06058,1.0567,1.05937,7846
1.05936,1.06354,1.05903,1.0616,12096
1.06155,1.06301,1.06056,1.06109,7610
1.06109,1.06229,1.06085,1.06207,5561
1.06207,1.06244,1.06023,1.06045,4942
1.06045,1.06112,1.05987,1.06071,5816
1.06075,1.06197,1.05949,1.06105,7927
1.06106,1.06286,1.06023,1.06242,9980
1.06243,1.06251,1.05812,1.06034,15749
1.06034,1.06208,1.05928,1.06191,9321
1.06194,1.06201,1.06048,1.06074,5581
1.06074,1.06129,1.05956,1.05991,4637
1.05992,1.06068,1.05851,1.06056,11583
1.06056,1.06103,1.06012,1.06035,6507
1.06039,1.06082,1.0601,1.0603,1621
1.06015,1.06091,1.05973,1.0605,1015
1.06065,1.06112,1.06017,1.06061,1778
1.06056,1.06311,1.0603,1.06289,3327
1.06289,1.06315,1.06184,1.06204,3432
1.06202,1.06202,1.06088,1.06174,3310
1.06174,1.06196,1.06061,1.06069,2484
1.06068,1.06114,1.06036,1.06043,2196
1.06043,1.06106,1.06017,1.06106,2452
1.06107,1.062,1.06028,1.06033,2767
1.06034,1.06123,1.05902,1.06055,5646
1.06055,1.06279,1.06051,1.06202,8517
1.062,1.06291,1.06096,1.06235,5645
1.06238,1.0626,1.061,1.06187,4976
1.06188,1.06221,1.06031,1.06111,4398
1.06111,1.06175,1.05982,1.05995,5004
1.05995,1.06083,1.05514,1.05524,12493
1.05524,1.05621,1.05358,1.05393,11755
1.05393,1.05675,1.0515,1.05185,13035
1.05185,1.0532,1.05173,1.05211,8315
1.05211,1.05333,1.05187,1.05299,5702
1.05299,1.05433,1.05292,1.0536,6368
1.05362,1.05387,1.0529,1.05302,4871
1.05302,1.05307,1.05201,1.05201,4825
1.05201,1.05229,1.05152,1.05207,1907
1.05205,1.05232,1.05178,1.05198,1381
1.05203,1.05257,1.05185,1.05206,1491
1.05209,1.05312,1.05189,1.0529,3148
1.05292,1.05326,1.05225,1.0525,2342
1.05251,1.05338,1.0525,1.05265,2019
1.05266,1.05362,1.05259,1.05321,2734
1.05317,1.05345,1.05242,1.05243,1173
1.05244,1.05253,1.05106,1.05143,2651
1.05148,1.05224,1.05104,1.05127,2658
1.05124,1.05227,1.05072,1.05127,6653
1.05128,1.0531,1.05112,1.05186,6123
1.05185,1.05196,1.04968,1.05075,5798